Player,Player Link,Player Key,Team,Team Link,Position,Age,2026-27,2027-28,2028-29,2029-30,2030-31,Owner
Aaron Gordon,https://www.spotrac.com/nba/player/_/id/15356/aaron-gordon,aaron-gordon,Denver Nuggets,https://www.spotrac.com/nba/denver-nuggets/yearly,PF,31,$31978037,$34536280,$37094523,UFA,,BJ
Aaron Nesmith,https://www.spotrac.com/nba/player/_/id/70656/aaron-nesmith,aaron-nesmith,Indiana Pacers,https://www.spotrac.com/nba/indiana-pacers/yearly,SF,27,$11000000,$19418000,$20971440,UFA,,
Aaron Wiggins,https://www.spotrac.com/nba/player/_/id/74162/aaron-wiggins,aaron-wiggins,Atlanta Hawks,https://www.spotrac.com/nba/atlanta-hawks/yearly,SG,28,$9028038,$8168226,$8168226,UFA,,
Ace Bailey,https://www.spotrac.com/nba/player/_/id/98599/ace-bailey,ace-bailey,Utah Jazz,https://www.spotrac.com/nba/utah-jazz/yearly,SF,20,$9523080,$9976560,$12640302,RFA,,Hil
Adam Flagler,https://www.spotrac.com/nba/player/_/id/86081/adam-flagler,adam-flagler,Sacramento Kings,https://www.spotrac.com/nba/sacramento-kings/yearly,G,27,Two-Way,Two-Way,,,,
Aday Mara,https://www.spotrac.com/nba/player/_/id/107930/aday-mara,aday-mara,Oklahoma City Thunder,https://www.spotrac.com/nba/oklahoma-city-thunder/yearly,C,21,$5791680,$6081480,$6371160,$8779459,RFA,
Adem Bona,https://www.spotrac.com/nba/player/_/id/91790/adem-bona,adem-bona,Philadelphia 76ers,https://www.spotrac.com/nba/philadelphia-76ers/yearly,C,23,$2296271,$2486995,UFA,,,
Adou Thiero,https://www.spotrac.com/nba/player/_/id/98625/adou-thiero,adou-thiero,Los Angeles Lakers,https://www.spotrac.com/nba/los-angeles-lakers/yearly,SF,22,$2150917,$2525901,RFA,,,
AJ Dybantsa,https://www.spotrac.com/nba/player/_/id/107917/aj-dybantsa,aj-dybantsa,Washington Wizards,https://www.spotrac.com/nba/washington-wizards/yearly,SF,20,$14748000,$15485760,$16223040,$20457254,RFA,
AJ Green,https://www.spotrac.com/nba/player/_/id/78250/aj-green,aj-green,Milwaukee Bucks,https://www.spotrac.com/nba/milwaukee-bucks/yearly,SG,27,$10044644,$10848215,$11651786,$12455355,UFA,
AJ Johnson,https://www.spotrac.com/nba/player/_/id/92952/aj-johnson,aj-johnson,Memphis Grizzlies,https://www.spotrac.com/nba/memphis-grizzlies/yearly,PG,22,$3237120,$5493394,RFA,,,Efrain
Ajay Mitchell,https://www.spotrac.com/nba/player/_/id/92958/ajay-mitchell,ajay-mitchell,Oklahoma City Thunder,https://www.spotrac.com/nba/oklahoma-city-thunder/yearly,PG,24,$2850000,$2850000,UFA,,,Colin
AK Okereke,https://www.spotrac.com/nba/player/_/id/108844/ak-okereke,ak-okereke,Los Angeles Lakers,https://www.spotrac.com/nba/los-angeles-lakers/yearly,F,23,Two-Way,,,,,
Al Horford,https://www.spotrac.com/nba/player/_/id/2199/al-horford,al-horford,Golden State Warriors,https://www.spotrac.com/nba/golden-state-warriors/yearly,C,40,$6822000,$7163100,UFA,,,
Alex Caruso,https://www.spotrac.com/nba/player/_/id/21076/alex-caruso,alex-caruso,Oklahoma City Thunder,https://www.spotrac.com/nba/oklahoma-city-thunder/yearly,SG,32,$19550160,$20998320,$22446480,UFA,,
Alex Karaban,https://www.spotrac.com/nba/player/_/id/91783/alex-karaban,alex-karaban,Sacramento Kings,https://www.spotrac.com/nba/sacramento-kings/yearly,PF,24,$2948280,$3095640,$3243120,$5853832,RFA,
Alex Morales,https://www.spotrac.com/nba/player/_/id/79998/alex-morales,alex-morales,Orlando Magic,https://www.spotrac.com/nba/orlando-magic/yearly,G,29,Two-Way,,,,,
Alex Sarr,https://www.spotrac.com/nba/player/_/id/91734/alex-sarr,alex-sarr,Washington Wizards,https://www.spotrac.com/nba/washington-wizards/yearly,PF,21,$12370680,$15611798,RFA,,,David
Alijah Martin,https://www.spotrac.com/nba/player/_/id/98642/alijah-martin,alijah-martin,Toronto Raptors,https://www.spotrac.com/nba/toronto-raptors/yearly,SG,25,$2185116,$2571895,RFA,,,
Allen Graves,https://www.spotrac.com/nba/player/_/id/107944/allen-graves,allen-graves,Toronto Raptors,https://www.spotrac.com/nba/toronto-raptors/yearly,PF,20,$4065720,$4268880,$4472640,$6887866,RFA,
Alperen Sengun,https://www.spotrac.com/nba/player/_/id/74123/alperen-sengun,alperen-sengun,Houston Rockets,https://www.spotrac.com/nba/houston-rockets/yearly,C,24,$35642202,$37339450,$39036697,$39036697,UFA,Hil
Alpha Diallo,https://www.spotrac.com/nba/player/_/id/108985/alpha-diallo,alpha-diallo,Denver Nuggets,https://www.spotrac.com/nba/denver-nuggets/yearly,SF,29,$1357763,RFA,,,,
Amari Williams,https://www.spotrac.com/nba/player/_/id/98644/amari-williams,amari-williams,Boston Celtics,https://www.spotrac.com/nba/boston-celtics/yearly,C,25,Two-Way,,,,,
Amen Thompson,https://www.spotrac.com/nba/player/_/id/82199/amen-thompson,amen-thompson,Houston Rockets,https://www.spotrac.com/nba/houston-rockets/yearly,PG,24,$12258609,RFA,,,,Colin
Andre Drummond,https://www.spotrac.com/nba/player/_/id/10817/andre-drummond,andre-drummond,New York Knicks,https://www.spotrac.com/nba/new-york-knicks/yearly,C,33,$2449421,UFA,,,,
Andre Jackson Jr.,https://www.spotrac.com/nba/player/_/id/82321/andre-jackson-jr,andre-jackson,Toronto Raptors,https://www.spotrac.com/nba/toronto-raptors/yearly,SG,25,$0,,,,,
Andrew Nembhard,https://www.spotrac.com/nba/player/_/id/78137/andrew-nembhard,andrew-nembhard,Indiana Pacers,https://www.spotrac.com/nba/indiana-pacers/yearly,PG,27,$19550160,$20998320,UFA,,,
Andrew Wiggins,https://www.spotrac.com/nba/player/_/id/15353/andrew-wiggins,andrew-wiggins,Miami Heat,https://www.spotrac.com/nba/miami-heat/yearly,SF,31,$30169644,$16510000,$17320356,UFA,,Brandon
Anfernee Simons,https://www.spotrac.com/nba/player/_/id/26990/anfernee-simons,anfernee-simons,Philadelphia 76ers,https://www.spotrac.com/nba/philadelphia-76ers/yearly,SG,27,$6000000,$6300000,UFA,,,
Anthony Black,https://www.spotrac.com/nba/player/_/id/82203/anthony-black,anthony-black,Orlando Magic,https://www.spotrac.com/nba/orlando-magic/yearly,SG,23,$10106316,RFA,,,,Kyle
Anthony Davis,https://www.spotrac.com/nba/player/_/id/10809/anthony-davis,anthony-davis,Washington Wizards,https://www.spotrac.com/nba/washington-wizards/yearly,C,33,$58456566,$62786682,UFA,,,Efrain
Anthony Edwards,https://www.spotrac.com/nba/player/_/id/70643/anthony-edwards,anthony-edwards,Minnesota Timberwolves,https://www.spotrac.com/nba/minnesota-timberwolves/yearly,SG,25,$48924624,$52298736,$55672848,UFA,,Colin
Ariel Hukporti,https://www.spotrac.com/nba/player/_/id/93962/ariel-hukporti,ariel-hukporti,Philadelphia 76ers,https://www.spotrac.com/nba/philadelphia-76ers/yearly,C,24,$3400000,UFA,,,,
Arthur Kaluma,https://www.spotrac.com/nba/player/_/id/100568/arthur-kaluma,arthur-kaluma,Los Angeles Lakers,https://www.spotrac.com/nba/los-angeles-lakers/yearly,F,24,Two-Way,,,,,
Asa Newell,https://www.spotrac.com/nba/player/_/id/98611/asa-newell,asa-newell,Atlanta Hawks,https://www.spotrac.com/nba/atlanta-hawks/yearly,PF,21,$3399480,$3560880,$6042814,RFA,,Hil
Ausar Thompson,https://www.spotrac.com/nba/player/_/id/82200/ausar-thompson,ausar-thompson,Detroit Pistons,https://www.spotrac.com/nba/detroit-pistons/yearly,SG,24,$11117925,RFA,,,,Colin
Austin Reaves,https://www.spotrac.com/nba/player/_/id/74218/austin-reaves,austin-reaves,Los Angeles Lakers,https://www.spotrac.com/nba/los-angeles-lakers/yearly,SG,28,$41240250,$42954030,$46253250,$49552470,UFA,Hil
Ayo Dosunmu,https://www.spotrac.com/nba/player/_/id/74145/ayo-dosunmu,ayo-dosunmu,Minnesota Timberwolves,https://www.spotrac.com/nba/minnesota-timberwolves/yearly,PG,27,$19310345,$20855173,$22400001,$23944829,$25489652,
Baba Miller,https://www.spotrac.com/nba/player/_/id/108427/baba-miller,baba-miller,LA Clippers,https://www.spotrac.com/nba/la-clippers/yearly,C,22,$1705630,$2294370,$2694363,$2918152,UFA,
Bam Adebayo,https://www.spotrac.com/nba/player/_/id/23609/bam-adebayo,bam-adebayo,Miami Heat,https://www.spotrac.com/nba/miami-heat/yearly,C,29,$49488300,$53447364,$57406428,UFA,,Stein
Baylor Scheierman,https://www.spotrac.com/nba/player/_/id/91780/baylor-scheierman,baylor-scheierman,Boston Celtics,https://www.spotrac.com/nba/boston-celtics/yearly,SG,26,$2744040,$4952993,RFA,,,
Ben Saraf,https://www.spotrac.com/nba/player/_/id/98626/ben-saraf,ben-saraf,Brooklyn Nets,https://www.spotrac.com/nba/brooklyn-nets/yearly,PG,20,$3028560,$3172920,$5720776,RFA,,B-Har
Ben Sheppard,https://www.spotrac.com/nba/player/_/id/84440/ben-sheppard,ben-sheppard,Indiana Pacers,https://www.spotrac.com/nba/indiana-pacers/yearly,SF,25,$5031669,RFA,,,,
Bennett Stirtz,https://www.spotrac.com/nba/player/_/id/107939/bennett-stirtz,bennett-stirtz,Oklahoma City Thunder,https://www.spotrac.com/nba/oklahoma-city-thunder/yearly,PG,23,$4717320,$4953240,$5189400,$7960540,RFA,
Bilal Coulibaly,https://www.spotrac.com/nba/player/_/id/82317/bilal-coulibaly,bilal-coulibaly,Washington Wizards,https://www.spotrac.com/nba/washington-wizards/yearly,SF,22,$9240012,RFA,,,,Brandon
Blake Hinson,https://www.spotrac.com/nba/player/_/id/94488/blake-hinson,blake-hinson,Utah Jazz,https://www.spotrac.com/nba/utah-jazz/yearly,SG,27,Two-Way,,,,,
Bobby Portis,https://www.spotrac.com/nba/player/_/id/17850/bobby-portis,bobby-portis,Miami Heat,https://www.spotrac.com/nba/miami-heat/yearly,PF,31,$14521414,$15597074,UFA,,,Robert
Bogdan Bogdanovic,https://www.spotrac.com/nba/player/_/id/15379/bogdan-bogdanovic,bogdan-bogdanovic,Houston Rockets,https://www.spotrac.com/nba/houston-rockets/yearly,SG,34,$2449421,UFA,,,,
Bogoljub Marković,https://www.spotrac.com/nba/player/_/id/99260/bogoljub-markovi%C4%87,bogoljub-markovic,Milwaukee Bucks,https://www.spotrac.com/nba/milwaukee-bucks/yearly,PF,21,$1357763,$2294370,$2694363,$2918152,UFA,
Braden Smith,https://www.spotrac.com/nba/player/_/id/107963/braden-smith,braden-smith,Indiana Pacers,https://www.spotrac.com/nba/indiana-pacers/yearly,PG,23,Two-Way,,,,,
Bradley Beal,https://www.spotrac.com/nba/player/_/id/10811/bradley-beal,bradley-beal,LA Clippers,https://www.spotrac.com/nba/la-clippers/yearly,SG,33,$6424800,$6746040,UFA,,,
Branden Carlson,https://www.spotrac.com/nba/player/_/id/94490/branden-carlson,branden-carlson,Portland Trail Blazers,https://www.spotrac.com/nba/portland-trail-blazers/yearly,C,27,$2449421,RFA,,,,
Brandin Podziemski,https://www.spotrac.com/nba/player/_/id/84438/brandin-podziemski,brandin-podziemski,Golden State Warriors,https://www.spotrac.com/nba/golden-state-warriors/yearly,SG,23,$5679459,RFA,,,,Sam
Brandon Ingram,https://www.spotrac.com/nba/player/_/id/20207/brandon-ingram,brandon-ingram,LA Clippers,https://www.spotrac.com/nba/la-clippers/yearly,SF,29,$40000000,$41904762,UFA,,,Brandon
Brandon Ingram,https://www.spotrac.com/nba/player/_/id/20207/brandon-ingram,brandon-ingram,Toronto Raptors,https://www.spotrac.com/nba/toronto-raptors/yearly,SF,29,$40000000,$41904762,UFA,,,Brandon
Brandon Miller,https://www.spotrac.com/nba/player/_/id/82197/brandon-miller,brandon-miller,Charlotte Hornets,https://www.spotrac.com/nba/charlotte-hornets/yearly,SF,24,$15104626,RFA,,,,Sam
Brandon Williams,https://www.spotrac.com/nba/player/_/id/75136/brandon-williams,brandon-williams,Dallas Mavericks,https://www.spotrac.com/nba/dallas-mavericks/yearly,PG,27,$2449421,UFA,,,,
Brayden Burries,https://www.spotrac.com/nba/player/_/id/107926/brayden-burries,brayden-burries,Milwaukee Bucks,https://www.spotrac.com/nba/milwaukee-bucks/yearly,SG,21,$6417360,$6738000,$7058520,$8999614,RFA,
Brice Sensabaugh,https://www.spotrac.com/nba/player/_/id/82213/brice-sensabaugh,brice-sensabaugh,Utah Jazz,https://www.spotrac.com/nba/utah-jazz/yearly,SF,23,$4862237,RFA,,,,Brian
Bronny James,https://www.spotrac.com/nba/player/_/id/92960/bronny-james,bronny-james,Los Angeles Lakers,https://www.spotrac.com/nba/los-angeles-lakers/yearly,PG,22,$2296271,$2486995,UFA,,,
Brook Lopez,https://www.spotrac.com/nba/player/_/id/6136/brook-lopez,brook-lopez,LA Clippers,https://www.spotrac.com/nba/la-clippers/yearly,C,38,$9187500,UFA,,,,
Brooks Barnhizer,https://www.spotrac.com/nba/player/_/id/99258/brooks-barnhizer,brooks-barnhizer,Oklahoma City Thunder,https://www.spotrac.com/nba/oklahoma-city-thunder/yearly,SF,24,Two-Way,,,,,
Bruce Thornton,https://www.spotrac.com/nba/player/_/id/108556/bruce-thornton,bruce-thornton,Houston Rockets,https://www.spotrac.com/nba/houston-rockets/yearly,PG,23,$1357763,$2294370,$2694363,$2918152,UFA,
Bryce McGowens,https://www.spotrac.com/nba/player/_/id/78140/bryce-mcgowens,bryce-mcgowens,New Orleans Pelicans,https://www.spotrac.com/nba/new-orleans-pelicans/yearly,SG,24,$2584539,$2934742,UFA,,,
Bub Carrington,https://www.spotrac.com/nba/player/_/id/91766/bub-carrington,bub-carrington,Washington Wizards,https://www.spotrac.com/nba/washington-wizards/yearly,PG,21,$4900560,$7257730,RFA,,,Stein
Buddy Hield,https://www.spotrac.com/nba/player/_/id/20211/buddy-hield,buddy-hield,Atlanta Hawks,https://www.spotrac.com/nba/atlanta-hawks/yearly,SG,34,$9658536,$10097560,UFA,,,John
Cade Cunningham,https://www.spotrac.com/nba/player/_/id/74108/cade-cunningham,cade-cunningham,Detroit Pistons,https://www.spotrac.com/nba/detroit-pistons/yearly,PG,25,$50105628,$53817156,$57528684,$61240212,UFA,Efrain
Caleb Houstan,https://www.spotrac.com/nba/player/_/id/78142/caleb-houstan,caleb-houstan,New Orleans Pelicans,https://www.spotrac.com/nba/new-orleans-pelicans/yearly,SF,24,$0,,,,,
Caleb Love,https://www.spotrac.com/nba/player/_/id/99629/caleb-love,caleb-love,Philadelphia 76ers,https://www.spotrac.com/nba/philadelphia-76ers/yearly,G,25,Two-Way,$0,,,,
Caleb Martin,https://www.spotrac.com/nba/player/_/id/32682/caleb-martin,caleb-martin,Dallas Mavericks,https://www.spotrac.com/nba/dallas-mavericks/yearly,SF,31,$10001494,$9371351,UFA,,,
Caleb Wilson,https://www.spotrac.com/nba/player/_/id/107920/caleb-wilson,caleb-wilson,Chicago Bulls,https://www.spotrac.com/nba/chicago-bulls/yearly,PF,20,$10683720,$11217960,$11752320,$14866685,RFA,
Cam Spencer,https://www.spotrac.com/nba/player/_/id/93960/cam-spencer,cam-spencer,Memphis Grizzlies,https://www.spotrac.com/nba/memphis-grizzlies/yearly,SG,26,$2411090,$2616754,$2830685,UFA,,
Cam Whitmore,https://www.spotrac.com/nba/player/_/id/82202/cam-whitmore,cam-whitmore,Cleveland Cavaliers,https://www.spotrac.com/nba/cleveland-cavaliers/yearly,SF,22,$5458310,RFA,,,,David
Cameron Boozer,https://www.spotrac.com/nba/player/_/id/107919/cameron-boozer,cameron-boozer,Memphis Grizzlies,https://www.spotrac.com/nba/memphis-grizzlies/yearly,PF,19,$11849760,$12441840,$13034880,$16476089,RFA,
Cameron Carr,https://www.spotrac.com/nba/player/_/id/107940/cameron-carr,cameron-carr,Los Angeles Lakers,https://www.spotrac.com/nba/los-angeles-lakers/yearly,SG,22,$3315360,$3481080,$3646800,$6378253,RFA,
Cameron Christie,https://www.spotrac.com/nba/player/_/id/91777/cameron-christie,cameron-christie,LA Clippers,https://www.spotrac.com/nba/la-clippers/yearly,SG,21,$2296271,$2486995,UFA,,,
Cameron Johnson,https://www.spotrac.com/nba/player/_/id/31568/cameron-johnson,cameron-johnson,Denver Nuggets,https://www.spotrac.com/nba/denver-nuggets/yearly,SF,30,$23062500,UFA,,,,B-Har
Caris LeVert,https://www.spotrac.com/nba/player/_/id/20225/caris-levert,caris-levert,Milwaukee Bucks,https://www.spotrac.com/nba/milwaukee-bucks/yearly,SG,32,$14809200,UFA,,,,
Carter Bryant,https://www.spotrac.com/nba/player/_/id/98614/carter-bryant,carter-bryant,San Antonio Spurs,https://www.spotrac.com/nba/san-antonio-spurs/yearly,PF,21,$5145360,$5390640,$7983539,RFA,,David
Cason Wallace,https://www.spotrac.com/nba/player/_/id/82207/cason-wallace,cason-wallace,Oklahoma City Thunder,https://www.spotrac.com/nba/oklahoma-city-thunder/yearly,PG,23,$7420806,RFA,,,,BJ
Cedric Coward,https://www.spotrac.com/nba/player/_/id/98639/cedric-coward,cedric-coward,Memphis Grizzlies,https://www.spotrac.com/nba/memphis-grizzlies/yearly,SG,23,$6001080,$6286920,$8342743,RFA,,Brian
Chaney Johnson,https://www.spotrac.com/nba/player/_/id/101247/chaney-johnson,chaney-johnson,Brooklyn Nets,https://www.spotrac.com/nba/brooklyn-nets/yearly,F,24,Two-Way,,,,,
Charles Bassey,https://www.spotrac.com/nba/player/_/id/74160/charles-bassey,charles-bassey,Golden State Warriors,https://www.spotrac.com/nba/golden-state-warriors/yearly,C,26,$2449421,UFA,,,,
Chaz Lanier,https://www.spotrac.com/nba/player/_/id/98643/chaz-lanier,chaz-lanier,Detroit Pistons,https://www.spotrac.com/nba/detroit-pistons/yearly,SG,25,$2150917,$2525901,$2735698,UFA,,
Chet Holmgren,https://www.spotrac.com/nba/player/_/id/78108/chet-holmgren,chet-holmgren,Oklahoma City Thunder,https://www.spotrac.com/nba/oklahoma-city-thunder/yearly,C,24,$41240250,$44539470,$47838690,$51137910,$54437130,John
Chris Cenac Jr.,https://www.spotrac.com/nba/player/_/id/107933/chris-cenac-jr,chris-cenac,Boston Celtics,https://www.spotrac.com/nba/boston-celtics/yearly,PF,20,$2988120,$3137640,$3287400,$5930470,RFA,
Chris Manon,https://www.spotrac.com/nba/player/_/id/100551/chris-manon,chris-manon,Los Angeles Lakers,https://www.spotrac.com/nba/los-angeles-lakers/yearly,G,25,Two-Way,,,,,
Chris Youngblood,https://www.spotrac.com/nba/player/_/id/101235/chris-youngblood,chris-youngblood,Portland Trail Blazers,https://www.spotrac.com/nba/portland-trail-blazers/yearly,SG,24,Two-Way,,,,,
Christian Anderson,https://www.spotrac.com/nba/player/_/id/107935/christian-anderson,christian-anderson,Charlotte Hornets,https://www.spotrac.com/nba/charlotte-hornets/yearly,PG,20,$4257480,$4470000,$4683120,$7202639,RFA,
Christian Braun,https://www.spotrac.com/nba/player/_/id/78148/christian-braun,christian-braun,Denver Nuggets,https://www.spotrac.com/nba/denver-nuggets/yearly,SG,25,$21551726,$23275863,$25000000,$26724137,$28448274,Will
Christian Koloko,https://www.spotrac.com/nba/player/_/id/78131/christian-koloko,christian-koloko,New Orleans Pelicans,https://www.spotrac.com/nba/new-orleans-pelicans/yearly,C,26,$0,,,,,
Chucky Hepburn,https://www.spotrac.com/nba/player/_/id/99630/chucky-hepburn,chucky-hepburn,Toronto Raptors,https://www.spotrac.com/nba/toronto-raptors/yearly,G,23,Two-Way,,,,,
CJ Huntley,https://www.spotrac.com/nba/player/_/id/99649/cj-huntley,cj-huntley,Phoenix Suns,https://www.spotrac.com/nba/phoenix-suns/yearly,F,25,Two-Way,,,,,
C.J. McCollum,https://www.spotrac.com/nba/player/_/id/13323/cj-mccollum,cj-mccollum,Atlanta Hawks,https://www.spotrac.com/nba/atlanta-hawks/yearly,SG,35,$21000000,UFA,,,,
Clint Capela,https://www.spotrac.com/nba/player/_/id/15377/clint-capela,clint-capela,Houston Rockets,https://www.spotrac.com/nba/houston-rockets/yearly,C,32,$7035000,$7370000,UFA,,,Brandon
Coby White,https://www.spotrac.com/nba/player/_/id/31564/coby-white,coby-white,Charlotte Hornets,https://www.spotrac.com/nba/charlotte-hornets/yearly,PG,26,$26811593,$24666667,$22521740,UFA,,John
Cody Williams,https://www.spotrac.com/nba/player/_/id/91752/cody-williams,cody-williams,Utah Jazz,https://www.spotrac.com/nba/utah-jazz/yearly,SG,22,$6015600,$7669890,RFA,,,Kyle
Colin Castleton,https://www.spotrac.com/nba/player/_/id/84736/colin-castleton,colin-castleton,Orlando Magic,https://www.spotrac.com/nba/orlando-magic/yearly,PF,26,Two-Way,,,,,
Collin Gillespie,https://www.spotrac.com/nba/player/_/id/78276/collin-gillespie,collin-gillespie,Phoenix Suns,https://www.spotrac.com/nba/phoenix-suns/yearly,PG,27,$10714286,$11571429,$12428571,$13285714,UFA,Brandon
Collin Murray-Boyles,https://www.spotrac.com/nba/player/_/id/98609/collin-murray-boyles,collin-murray-boyles,Toronto Raptors,https://www.spotrac.com/nba/toronto-raptors/yearly,PF,21,$6649560,$6966000,$8874684,RFA,,Brandon
Collin Sexton,https://www.spotrac.com/nba/player/_/id/26974/collin-sexton,collin-sexton,Los Angeles Lakers,https://www.spotrac.com/nba/los-angeles-lakers/yearly,PG,28,$9366000,$9834300,UFA,,,
Cooper Flagg,https://www.spotrac.com/nba/player/_/id/98597/cooper-flagg,cooper-flagg,Dallas Mavericks,https://www.spotrac.com/nba/dallas-mavericks/yearly,SF,20,$14517480,$15208680,$19178146,RFA,,Brian
Corey Kispert,https://www.spotrac.com/nba/player/_/id/74122/corey-kispert,corey-kispert,Atlanta Hawks,https://www.spotrac.com/nba/atlanta-hawks/yearly,SF,27,$13975000,$13025000,$13025000,UFA,,
Cormac Ryan,https://www.spotrac.com/nba/player/_/id/95613/cormac-ryan,cormac-ryan,Milwaukee Bucks,https://www.spotrac.com/nba/milwaukee-bucks/yearly,SG,28,Two-Way,,,,,
Craig Porter Jr.,https://www.spotrac.com/nba/player/_/id/84768/craig-porter-jr,craig-porter,Cleveland Cavaliers,https://www.spotrac.com/nba/cleveland-cavaliers/yearly,G,26,$2406205,UFA,,,,
Daeqwon Plowden,https://www.spotrac.com/nba/player/_/id/79950/daeqwon-plowden,daeqwon-plowden,Sacramento Kings,https://www.spotrac.com/nba/sacramento-kings/yearly,G,28,$2449421,$2664401,UFA,,,
Dailyn Swain,https://www.spotrac.com/nba/player/_/id/107941/dailyn-swain,dailyn-swain,Chicago Bulls,https://www.spotrac.com/nba/chicago-bulls/yearly,SF,21,$4965480,$5213760,$5461920,$8373124,RFA,
Dalton Knecht,https://www.spotrac.com/nba/player/_/id/91749/dalton-knecht,dalton-knecht,Los Angeles Lakers,https://www.spotrac.com/nba/los-angeles-lakers/yearly,SF,25,$4201080,$6452860,RFA,,,BJ
Damian Lillard,https://www.spotrac.com/nba/player/_/id/10814/damian-lillard,damian-lillard,Portland Trail Blazers,https://www.spotrac.com/nba/portland-trail-blazers/yearly,PG,36,$13398000,$14104000,UFA,,,
D'Angelo Russell,https://www.spotrac.com/nba/player/_/id/17830/dangelo-russell,dangelo-russell,Memphis Grizzlies,https://www.spotrac.com/nba/memphis-grizzlies/yearly,PG,30,$5969250,UFA,,,,Colin
Daniel Gafford,https://www.spotrac.com/nba/player/_/id/31597/daniel-gafford,daniel-gafford,Dallas Mavericks,https://www.spotrac.com/nba/dallas-mavericks/yearly,C,28,$17263584,$18126763,$18989942,UFA,,Kyle
Daniss Jenkins,https://www.spotrac.com/nba/player/_/id/94498/daniss-jenkins,daniss-jenkins,Detroit Pistons,https://www.spotrac.com/nba/detroit-pistons/yearly,G,25,$4000000,RFA,,,,Will
Danny Wolf,https://www.spotrac.com/nba/player/_/id/98616/danny-wolf,danny-wolf,Brooklyn Nets,https://www.spotrac.com/nba/brooklyn-nets/yearly,PF,22,$2941440,$3081840,$5559640,RFA,,Efrain
Darius Acuff Jr.,https://www.spotrac.com/nba/player/_/id/107922/darius-acuff-jr,darius-acuff,Sacramento Kings,https://www.spotrac.com/nba/sacramento-kings/yearly,PG,20,$8021640,$8422920,$8823600,$11205972,RFA,
Darius Garland,https://www.spotrac.com/nba/player/_/id/31562/darius-garland,darius-garland,LA Clippers,https://www.spotrac.com/nba/la-clippers/yearly,PG,27,$42166510,$44886930,UFA,,,Zack
DaRon Holmes II,https://www.spotrac.com/nba/player/_/id/91791/daron-holmes-ii,daron-holmes,Denver Nuggets,https://www.spotrac.com/nba/denver-nuggets/yearly,PF,24,$3372120,$5547138,RFA,,,B-Har
Darryn Peterson,https://www.spotrac.com/nba/player/_/id/107918/darryn-peterson,darryn-peterson,Utah Jazz,https://www.spotrac.com/nba/utah-jazz/yearly,PG,20,$13195320,$13855320,$14515320,$18318335,RFA,
David Jones-Garcia,https://www.spotrac.com/nba/player/_/id/100548/david-jones-garcia,david-jones-garcia,San Antonio Spurs,https://www.spotrac.com/nba/san-antonio-spurs/yearly,SF,25,Two-Way,,,,,
Davion Mitchell,https://www.spotrac.com/nba/player/_/id/74116/davion-mitchell,davion-mitchell,Miami Heat,https://www.spotrac.com/nba/miami-heat/yearly,PG,28,$12400000,UFA,,,,Zack
Day'Ron Sharpe,https://www.spotrac.com/nba/player/_/id/74136/dayron-sharpe,dayron-sharpe,Brooklyn Nets,https://www.spotrac.com/nba/brooklyn-nets/yearly,C,25,$10000000,$10000000,UFA,,,
De'Aaron Fox,https://www.spotrac.com/nba/player/_/id/23600/deaaron-fox,deaaron-fox,San Antonio Spurs,https://www.spotrac.com/nba/san-antonio-spurs/yearly,PG,29,$49488300,$53447364,$57406428,$61365492,UFA,Brandon
Dean Wade,https://www.spotrac.com/nba/player/_/id/31963/dean-wade,dean-wade,Philadelphia 76ers,https://www.spotrac.com/nba/philadelphia-76ers/yearly,PF,30,$9000000,$9450000,$9900000,$10350000,UFA,
Deandre Ayton,https://www.spotrac.com/nba/player/_/id/26967/deandre-ayton,deandre-ayton,Washington Wizards,https://www.spotrac.com/nba/washington-wizards/yearly,C,28,$8104000,UFA,,,,Robert
De'Andre Hunter,https://www.spotrac.com/nba/player/_/id/31561/deandre-hunter,deandre-hunter,Sacramento Kings,https://www.spotrac.com/nba/sacramento-kings/yearly,SF,29,$24910714,UFA,,,,
DeAndre Jordan,https://www.spotrac.com/nba/player/_/id/6117/deandre-jordan,deandre-jordan,New Orleans Pelicans,https://www.spotrac.com/nba/new-orleans-pelicans/yearly,C,38,$3876529,$4070355,UFA,,,
De'Anthony Melton,https://www.spotrac.com/nba/player/_/id/27012/deanthony-melton,deanthony-melton,Golden State Warriors,https://www.spotrac.com/nba/golden-state-warriors/yearly,SG,28,$6064000,$6367200,UFA,,,
Dejounte Murray,https://www.spotrac.com/nba/player/_/id/20234/dejounte-murray,dejounte-murray,New Orleans Pelicans,https://www.spotrac.com/nba/new-orleans-pelicans/yearly,PG,30,$32785071,$30751504,UFA,,,Kyle
DeMar DeRozan,https://www.spotrac.com/nba/player/_/id/6327/demar-derozan,demar-derozan,Denver Nuggets,https://www.spotrac.com/nba/denver-nuggets/yearly,SF,37,$2449421,UFA,,,,
Deni Avdija,https://www.spotrac.com/nba/player/_/id/70651/deni-avdija,deni-avdija,Portland Trail Blazers,https://www.spotrac.com/nba/portland-trail-blazers/yearly,SF,26,$13125000,$11875000,UFA,,,Brandon
Dennis Schröder,https://www.spotrac.com/nba/player/_/id/13330/dennis-schr%C3%B6der,dennis-schroder,Charlotte Hornets,https://www.spotrac.com/nba/charlotte-hornets/yearly,PG,33,$14809200,$15514400,UFA,,,
Dereck Lively II,https://www.spotrac.com/nba/player/_/id/82272/dereck-lively-ii,dereck-lively,Dallas Mavericks,https://www.spotrac.com/nba/dallas-mavericks/yearly,C,22,$7239131,RFA,,,,Zack
Derik Queen,https://www.spotrac.com/nba/player/_/id/98607/derik-queen,derik-queen,New Orleans Pelicans,https://www.spotrac.com/nba/new-orleans-pelicans/yearly,C,22,$5416080,$5673840,$8107918,RFA,,Hil
Derrick Jones Jr.,https://www.spotrac.com/nba/player/_/id/21067/derrick-jones-jr,derrick-jones,LA Clippers,https://www.spotrac.com/nba/la-clippers/yearly,SF,29,$10476190,UFA,,,,
Derrick White,https://www.spotrac.com/nba/player/_/id/23624/derrick-white,derrick-white,Boston Celtics,https://www.spotrac.com/nba/boston-celtics/yearly,PG,32,$30348000,$32596000,$34844000,UFA,,
Desmond Bane,https://www.spotrac.com/nba/player/_/id/70672/desmond-bane,desmond-bane,Orlando Magic,https://www.spotrac.com/nba/orlando-magic/yearly,SG,28,$39446090,$42166510,$44886930,UFA,,David
Devin Booker,https://www.spotrac.com/nba/player/_/id/17841/devin-booker,devin-booker,Phoenix Suns,https://www.spotrac.com/nba/phoenix-suns/yearly,SG,30,$57078728,$61015192,$63669550,$68763114,UFA,BJ
Devin Carter,https://www.spotrac.com/nba/player/_/id/91758/devin-carter,devin-carter,Atlanta Hawks,https://www.spotrac.com/nba/atlanta-hawks/yearly,PG,24,$5158080,$7370897,RFA,,,Brian
Devin Vassell,https://www.spotrac.com/nba/player/_/id/70653/devin-vassell,devin-vassell,San Antonio Spurs,https://www.spotrac.com/nba/san-antonio-spurs/yearly,SG,26,$27500000,$25108696,$27500000,UFA,,David
Dillon Brooks,https://www.spotrac.com/nba/player/_/id/23646/dillon-brooks,dillon-brooks,Phoenix Suns,https://www.spotrac.com/nba/phoenix-suns/yearly,SF,31,$20992727,$22530864,$24333333,$26135802,UFA,
Dillon Mitchell,https://www.spotrac.com/nba/player/_/id/108431/dillon-mitchell,dillon-mitchell,Boston Celtics,https://www.spotrac.com/nba/boston-celtics/yearly,F,23,Two-Way,,,,,
Domantas Sabonis,https://www.spotrac.com/nba/player/_/id/20216/domantas-sabonis,domantas-sabonis,Sacramento Kings,https://www.spotrac.com/nba/sacramento-kings/yearly,C,30,$45472000,$48608000,UFA,,,David
Dominick Barlow,https://www.spotrac.com/nba/player/_/id/78565/dominick-barlow,dominick-barlow,Philadelphia 76ers,https://www.spotrac.com/nba/philadelphia-76ers/yearly,PF,23,$3415000,UFA,,,,
Donovan Clingan,https://www.spotrac.com/nba/player/_/id/91735/donovan-clingan,donovan-clingan,Portland Trail Blazers,https://www.spotrac.com/nba/portland-trail-blazers/yearly,C,22,$7519920,$9550298,RFA,,,Colin
Donovan Mitchell,https://www.spotrac.com/nba/player/_/id/23608/donovan-mitchell,donovan-mitchell,Cleveland Cavaliers,https://www.spotrac.com/nba/cleveland-cavaliers/yearly,SG,30,$50105628,$60911900,$65784852,$70657804,$75530756,Robert
Donte DiVincenzo,https://www.spotrac.com/nba/player/_/id/26983/donte-divincenzo,donte-divincenzo,Minnesota Timberwolves,https://www.spotrac.com/nba/minnesota-timberwolves/yearly,SG,30,$12535000,UFA,,,,Brandon
Dorian Finney-Smith,https://www.spotrac.com/nba/player/_/id/20757/dorian-finney-smith,dorian-finney-smith,Charlotte Hornets,https://www.spotrac.com/nba/charlotte-hornets/yearly,PF,33,$14196974,$13335000,$13335000,UFA,,
Drake Powell,https://www.spotrac.com/nba/player/_/id/98620/drake-powell,drake-powell,Brooklyn Nets,https://www.spotrac.com/nba/brooklyn-nets/yearly,SF,21,$3540600,$3709320,$6101832,RFA,,
Draymond Green,https://www.spotrac.com/nba/player/_/id/10860/draymond-green,draymond-green,Golden State Warriors,https://www.spotrac.com/nba/golden-state-warriors/yearly,PF,36,$27678571,UFA,,,,
Dru Smith,https://www.spotrac.com/nba/player/_/id/74420/dru-smith,dru-smith,Miami Heat,https://www.spotrac.com/nba/miami-heat/yearly,SG,29,$2584539,$2934742,UFA,,,
Duke Miles,https://www.spotrac.com/nba/player/_/id/109488/duke-miles,duke-miles,Philadelphia 76ers,https://www.spotrac.com/nba/philadelphia-76ers/yearly,G,24,$0,RFA,,,,
Duncan Robinson,https://www.spotrac.com/nba/player/_/id/27658/duncan-robinson,duncan-robinson,Detroit Pistons,https://www.spotrac.com/nba/detroit-pistons/yearly,SF,32,$15992957,$15151222,UFA,,,
Dylan Cardwell,https://www.spotrac.com/nba/player/_/id/99643/dylan-cardwell,dylan-cardwell,Sacramento Kings,https://www.spotrac.com/nba/sacramento-kings/yearly,PF,25,$2150917,$2525901,$2735698,UFA,,
Dylan Harper,https://www.spotrac.com/nba/player/_/id/98598/dylan-harper,dylan-harper,San Antonio Spurs,https://www.spotrac.com/nba/san-antonio-spurs/yearly,PG,20,$12989040,$13607760,$17172994,RFA,,Kyle
Dyson Daniels,https://www.spotrac.com/nba/player/_/id/78114/dyson-daniels,dyson-daniels,Atlanta Hawks,https://www.spotrac.com/nba/atlanta-hawks/yearly,PG,23,$25000000,$25000000,$25000000,$25000000,UFA,
Ebuka Okorie,https://www.spotrac.com/nba/player/_/id/107946/ebuka-okorie,ebuka-okorie,Detroit Pistons,https://www.spotrac.com/nba/detroit-pistons/yearly,PG,19,$4481280,$4705440,$4929360,$7571497,RFA,
Egor Demin,https://www.spotrac.com/nba/player/_/id/98610/egor-demin,egor-demin,Brooklyn Nets,https://www.spotrac.com/nba/brooklyn-nets/yearly,PG,20,$7233720,$7578240,$9639522,RFA,,Sam
Elijah Harkless,https://www.spotrac.com/nba/player/_/id/95564/elijah-harkless,elijah-harkless,Detroit Pistons,https://www.spotrac.com/nba/detroit-pistons/yearly,PG,26,Two-Way,,,,,
Emanuel Sharp,https://www.spotrac.com/nba/player/_/id/108434/emanuel-sharp,emanuel-sharp,Sacramento Kings,https://www.spotrac.com/nba/sacramento-kings/yearly,PG,22,$1357763,$2294370,$2694363,RFA,,
Enrique Freeman,https://www.spotrac.com/nba/player/_/id/93958/enrique-freeman,enrique-freeman,Minnesota Timberwolves,https://www.spotrac.com/nba/minnesota-timberwolves/yearly,PF,26,Two-Way,,,,,
Ernest Udeh Jr.,https://www.spotrac.com/nba/player/_/id/108828/ernest-udeh-jr,ernest-udeh,Cleveland Cavaliers,https://www.spotrac.com/nba/cleveland-cavaliers/yearly,C,23,Two-Way,,,,,
Evan Mobley,https://www.spotrac.com/nba/player/_/id/74110/evan-mobley,evan-mobley,Cleveland Cavaliers,https://www.spotrac.com/nba/cleveland-cavaliers/yearly,PF,25,$50105628,$53817156,$57528684,$61240212,UFA,Will
Felix Okpara,https://www.spotrac.com/nba/player/_/id/108435/felix-okpara,felix-okpara,Washington Wizards,https://www.spotrac.com/nba/washington-wizards/yearly,C,22,Two-Way,,,,,
Franz Wagner,https://www.spotrac.com/nba/player/_/id/74115/franz-wagner,franz-wagner,Orlando Magic,https://www.spotrac.com/nba/orlando-magic/yearly,SF,25,$41754690,$44847630,$47940570,$51033510,UFA,Sam
Fred VanVleet,https://www.spotrac.com/nba/player/_/id/20778/fred-vanvleet,fred-vanvleet,Houston Rockets,https://www.spotrac.com/nba/houston-rockets/yearly,PG,32,$25000000,UFA,,,,
Gary Harris,https://www.spotrac.com/nba/player/_/id/15371/gary-harris,gary-harris,Detroit Pistons,https://www.spotrac.com/nba/detroit-pistons/yearly,SG,32,$3815861,UFA,,,,
Gary Payton II,https://www.spotrac.com/nba/player/_/id/20272/gary-payton-ii,gary-payton,Golden State Warriors,https://www.spotrac.com/nba/golden-state-warriors/yearly,PG,34,$2449421,UFA,,,,
Gary Trent Jr.,https://www.spotrac.com/nba/player/_/id/27003/gary-trent-jr,gary-trent,Milwaukee Bucks,https://www.spotrac.com/nba/milwaukee-bucks/yearly,SG,28,$15200000,$16400000,$16400000,$16000000,UFA,
G.G. Jackson,https://www.spotrac.com/nba/player/_/id/85972/gg-jackson,gg-jackson,Memphis Grizzlies,https://www.spotrac.com/nba/memphis-grizzlies/yearly,PF,22,$2406205,UFA,,,,B-Har
Giannis Antetokounmpo,https://www.spotrac.com/nba/player/_/id/13328/giannis-antetokounmpo,giannis-antetokounmpo,Miami Heat,https://www.spotrac.com/nba/miami-heat/yearly,PF,32,$58456566,$62786682,UFA,,,B-Har
Goga Bitadze,https://www.spotrac.com/nba/player/_/id/31575/goga-bitadze,goga-bitadze,Orlando Magic,https://www.spotrac.com/nba/orlando-magic/yearly,C,27,$7608696,UFA,,,,
Gradey Dick,https://www.spotrac.com/nba/player/_/id/82204/gradey-dick,gradey-dick,LA Clippers,https://www.spotrac.com/nba/la-clippers/yearly,SG,23,$7131511,RFA,,,,David
Gradey Dick,https://www.spotrac.com/nba/player/_/id/82204/gradey-dick,gradey-dick,Toronto Raptors,https://www.spotrac.com/nba/toronto-raptors/yearly,SG,23,$7131511,RFA,,,,David
Grant Williams,https://www.spotrac.com/nba/player/_/id/31579/grant-williams,grant-williams,Charlotte Hornets,https://www.spotrac.com/nba/charlotte-hornets/yearly,PF,28,$14265750,UFA,,,,
Grayson Allen,https://www.spotrac.com/nba/player/_/id/26987/grayson-allen,grayson-allen,Charlotte Hornets,https://www.spotrac.com/nba/charlotte-hornets/yearly,SG,31,$18125000,$19375000,UFA,,,
Gui Santos,https://www.spotrac.com/nba/player/_/id/78165/gui-santos,gui-santos,Golden State Warriors,https://www.spotrac.com/nba/golden-state-warriors/yearly,SF,24,$4629630,$5000000,$5370370,UFA,,
Hannes Steinbach,https://www.spotrac.com/nba/player/_/id/107931/hannes-steinbach,hannes-steinbach,Charlotte Hornets,https://www.spotrac.com/nba/charlotte-hornets/yearly,PF,20,$5227200,$5488560,$5750160,$8515987,RFA,
Harrison Barnes,https://www.spotrac.com/nba/player/_/id/10815/harrison-barnes,harrison-barnes,San Antonio Spurs,https://www.spotrac.com/nba/san-antonio-spurs/yearly,PF,34,$8000000,UFA,,,,
Harrison Ingram,https://www.spotrac.com/nba/player/_/id/91775/harrison-ingram,harrison-ingram,Utah Jazz,https://www.spotrac.com/nba/utah-jazz/yearly,SF,24,$0,,,,,
Haywood Highsmith,https://www.spotrac.com/nba/player/_/id/28301/haywood-highsmith,haywood-highsmith,Phoenix Suns,https://www.spotrac.com/nba/phoenix-suns/yearly,F,30,$2449421,UFA,,,,
Henri Veesaar,https://www.spotrac.com/nba/player/_/id/107947/henri-veesaar,henri-veesaar,Atlanta Hawks,https://www.spotrac.com/nba/atlanta-hawks/yearly,C,22,$1357763,$2294370,$2694363,$2918152,UFA,
Herb Jones,https://www.spotrac.com/nba/player/_/id/74142/herb-jones,herb-jones,New Orleans Pelicans,https://www.spotrac.com/nba/new-orleans-pelicans/yearly,SF,28,$14898786,$20858300,$22526964,$24195628,UFA,BJ
Hugo Gonzalez,https://www.spotrac.com/nba/player/_/id/98623/hugo-gonzalez,hugo-gonzalez,Boston Celtics,https://www.spotrac.com/nba/boston-celtics/yearly,SF,20,$2923560,$3062640,$5528065,RFA,,Hil
Immanuel Quickley,https://www.spotrac.com/nba/player/_/id/70667/immanuel-quickley,immanuel-quickley,Toronto Raptors,https://www.spotrac.com/nba/toronto-raptors/yearly,PG,27,$32500000,$32500000,$32500000,UFA,,Will
Isaac Jones,https://www.spotrac.com/nba/player/_/id/94481/isaac-jones,isaac-jones,Detroit Pistons,https://www.spotrac.com/nba/detroit-pistons/yearly,C,26,Two-Way,,,,,
Isaac Okoro,https://www.spotrac.com/nba/player/_/id/70647/isaac-okoro,isaac-okoro,Chicago Bulls,https://www.spotrac.com/nba/chicago-bulls/yearly,SG,26,$11814814,UFA,,,,
Isaiah Collier,https://www.spotrac.com/nba/player/_/id/91753/isaiah-collier,isaiah-collier,Utah Jazz,https://www.spotrac.com/nba/utah-jazz/yearly,PG,22,$2763960,$4988948,RFA,,,Andrew
Isaiah Crawford,https://www.spotrac.com/nba/player/_/id/94482/isaiah-crawford,isaiah-crawford,Houston Rockets,https://www.spotrac.com/nba/houston-rockets/yearly,G,25,$2449421,$2664401,$2888193,$3272766,UFA,
Isaiah Evans,https://www.spotrac.com/nba/player/_/id/107937/isaiah-evans,isaiah-evans,Minnesota Timberwolves,https://www.spotrac.com/nba/minnesota-timberwolves/yearly,SG,21,$0,$2294370,$2694363,$2918152,UFA,
Isaiah Hartenstein,https://www.spotrac.com/nba/player/_/id/23644/isaiah-hartenstein,isaiah-hartenstein,Oklahoma City Thunder,https://www.spotrac.com/nba/oklahoma-city-thunder/yearly,C,28,$23148148,$25000000,$26851852,UFA,,
Isaiah Jackson,https://www.spotrac.com/nba/player/_/id/74129/isaiah-jackson,isaiah-jackson,LA Clippers,https://www.spotrac.com/nba/la-clippers/yearly,PF,25,$7000000,$6400000,UFA,,,
Isaiah Joe,https://www.spotrac.com/nba/player/_/id/70691/isaiah-joe,isaiah-joe,Detroit Pistons,https://www.spotrac.com/nba/detroit-pistons/yearly,SG,27,$11323006,$11323006,UFA,,,
Isaiah Stewart,https://www.spotrac.com/nba/player/_/id/70658/isaiah-stewart,isaiah-stewart,Memphis Grizzlies,https://www.spotrac.com/nba/memphis-grizzlies/yearly,C,25,$15000000,$15000000,UFA,,,Kyle
Ivica Zubac,https://www.spotrac.com/nba/player/_/id/20238/ivica-zubac,ivica-zubac,Indiana Pacers,https://www.spotrac.com/nba/indiana-pacers/yearly,C,29,$20342140,$21790300,UFA,,,Colin
Izaiyah Nelson,https://www.spotrac.com/nba/player/_/id/108436/izaiyah-nelson,izaiyah-nelson,Orlando Magic,https://www.spotrac.com/nba/orlando-magic/yearly,C,23,Two-Way,$0,,,,
Ja Morant,https://www.spotrac.com/nba/player/_/id/31559/ja-morant,ja-morant,Portland Trail Blazers,https://www.spotrac.com/nba/portland-trail-blazers/yearly,PG,27,$42166510,$44886930,UFA,,,Efrain
Jabari Smith Jr.,https://www.spotrac.com/nba/player/_/id/78109/jabari-smith-jr,jabari-smith,Houston Rockets,https://www.spotrac.com/nba/houston-rockets/yearly,PF,23,$23643411,$21751940,$23643411,$25534883,$27426355,Hil
Jabari Walker,https://www.spotrac.com/nba/player/_/id/78167/jabari-walker,jabari-walker,Philadelphia 76ers,https://www.spotrac.com/nba/philadelphia-76ers/yearly,SF,24,$2584539,UFA,,,,
Jaden Bradley,https://www.spotrac.com/nba/player/_/id/108429/jaden-bradley,jaden-bradley,Toronto Raptors,https://www.spotrac.com/nba/toronto-raptors/yearly,SG,23,Two-Way,,,,,
Jaden Hardy,https://www.spotrac.com/nba/player/_/id/78130/jaden-hardy,jaden-hardy,Los Angeles Lakers,https://www.spotrac.com/nba/los-angeles-lakers/yearly,SG,24,$6000000,$6000000,UFA,,,David
Jaden McDaniels,https://www.spotrac.com/nba/player/_/id/70670/jaden-mcdaniels,jaden-mcdaniels,Minnesota Timberwolves,https://www.spotrac.com/nba/minnesota-timberwolves/yearly,PF,26,$26200000,$28006898,$29813790,UFA,,Efrain
Jae’Sean Tate,https://www.spotrac.com/nba/player/_/id/70758/jaesean-tate,jaesean-tate,Houston Rockets,https://www.spotrac.com/nba/houston-rockets/yearly,SF,31,$2449421,UFA,,,,
Jahmai Mashack,https://www.spotrac.com/nba/player/_/id/99272/jahmai-mashack,jahmai-mashack,Memphis Grizzlies,https://www.spotrac.com/nba/memphis-grizzlies/yearly,F,24,Two-Way,,,,,
Jaime Jaquez Jr.,https://www.spotrac.com/nba/player/_/id/82323/jaime-jaquez-jr,jaime-jaquez,Milwaukee Bucks,https://www.spotrac.com/nba/milwaukee-bucks/yearly,SF,25,$5939141,RFA,,,,Hil
Jake LaRavia,https://www.spotrac.com/nba/player/_/id/78141/jake-laravia,jake-laravia,Los Angeles Lakers,https://www.spotrac.com/nba/los-angeles-lakers/yearly,PF,25,$6000000,UFA,,,,
Jakob Poeltl,https://www.spotrac.com/nba/player/_/id/20214/jakob-poeltl,jakob-poeltl,Toronto Raptors,https://www.spotrac.com/nba/toronto-raptors/yearly,C,31,$19500000,$27300000,$29484000,$27300000,UFA,John
Ja'Kobe Walter,https://www.spotrac.com/nba/player/_/id/91754/jakobe-walter,jakobe-walter,Toronto Raptors,https://www.spotrac.com/nba/toronto-raptors/yearly,SG,22,$3811800,$5870172,RFA,,,
Ja'Kobi Gillespie,https://www.spotrac.com/nba/player/_/id/108433/jakobi-gillespie,jakobi-gillespie,San Antonio Spurs,https://www.spotrac.com/nba/san-antonio-spurs/yearly,SG,22,Two-Way,,,,,
Jalen Brunson,https://www.spotrac.com/nba/player/_/id/26999/jalen-brunson,jalen-brunson,New York Knicks,https://www.spotrac.com/nba/new-york-knicks/yearly,PG,30,$37739521,$40535041,$43330561,UFA,,Hil
Jalen Green,https://www.spotrac.com/nba/player/_/id/74109/jalen-green,jalen-green,Phoenix Suns,https://www.spotrac.com/nba/phoenix-suns/yearly,SG,24,$36251166,$36000000,UFA,,,Hil
Jalen Johnson,https://www.spotrac.com/nba/player/_/id/74127/jalen-johnson,jalen-johnson,Atlanta Hawks,https://www.spotrac.com/nba/atlanta-hawks/yearly,SF,25,$30000000,$30000000,$30000000,$30000000,UFA,Stein
Jalen Pickett,https://www.spotrac.com/nba/player/_/id/84465/jalen-pickett,jalen-pickett,LA Clippers,https://www.spotrac.com/nba/la-clippers/yearly,PG,27,Two-Way,,,,,
Jalen Slawson,https://www.spotrac.com/nba/player/_/id/84480/jalen-slawson,jalen-slawson,Indiana Pacers,https://www.spotrac.com/nba/indiana-pacers/yearly,PF,27,Two-Way,,,,,
Jalen Smith,https://www.spotrac.com/nba/player/_/id/70652/jalen-smith,jalen-smith,Chicago Bulls,https://www.spotrac.com/nba/chicago-bulls/yearly,PF,26,$9428571,UFA,,,,Will
Jalen Suggs,https://www.spotrac.com/nba/player/_/id/74112/jalen-suggs,jalen-suggs,Orlando Magic,https://www.spotrac.com/nba/orlando-magic/yearly,SG,25,$32400000,$29600000,$26800000,$26700000,UFA,
Jalen Williams,https://www.spotrac.com/nba/player/_/id/78126/jalen-williams,jalen-williams,Oklahoma City Thunder,https://www.spotrac.com/nba/oklahoma-city-thunder/yearly,SF,25,$41240250,$44539470,$47838690,$51137910,$54437130,Stein
Jalen Wilson,https://www.spotrac.com/nba/player/_/id/84477/jalen-wilson,jalen-wilson,Atlanta Hawks,https://www.spotrac.com/nba/atlanta-hawks/yearly,PF,26,Two-Way,,,,,
Jamal Cain,https://www.spotrac.com/nba/player/_/id/78584/jamal-cain,jamal-cain,Orlando Magic,https://www.spotrac.com/nba/orlando-magic/yearly,SF,27,$2584539,UFA,,,,
Jamal Murray,https://www.spotrac.com/nba/player/_/id/20212/jamal-murray,jamal-murray,Denver Nuggets,https://www.spotrac.com/nba/denver-nuggets/yearly,PG,29,$50105628,$53817156,$57528684,UFA,,
Jamal Shead,https://www.spotrac.com/nba/player/_/id/93955/jamal-shead,jamal-shead,Toronto Raptors,https://www.spotrac.com/nba/toronto-raptors/yearly,PG,24,$2296271,RFA,,,,
Jamaree Bouyea,https://www.spotrac.com/nba/player/_/id/78578/jamaree-bouyea,jamaree-bouyea,Phoenix Suns,https://www.spotrac.com/nba/phoenix-suns/yearly,PG,27,$2584539,UFA,,,,
Jamarion Sharp,https://www.spotrac.com/nba/player/_/id/95465/jamarion-sharp,jamarion-sharp,LA Clippers,https://www.spotrac.com/nba/la-clippers/yearly,C,25,Two-Way,,,,,
James Harden,https://www.spotrac.com/nba/player/_/id/6312/james-harden,james-harden,Cleveland Cavaliers,https://www.spotrac.com/nba/cleveland-cavaliers/yearly,SG,37,$29938272,$32333333,$34728395,UFA,,
Jamir Watkins,https://www.spotrac.com/nba/player/_/id/99257/jamir-watkins,jamir-watkins,Washington Wizards,https://www.spotrac.com/nba/washington-wizards/yearly,G,25,Two-Way,,,,,
Jamison Battle,https://www.spotrac.com/nba/player/_/id/95121/jamison-battle,jamison-battle,Toronto Raptors,https://www.spotrac.com/nba/toronto-raptors/yearly,SF,25,$2296271,RFA,,,,
Jarace Walker,https://www.spotrac.com/nba/player/_/id/82201/jarace-walker,jarace-walker,Indiana Pacers,https://www.spotrac.com/nba/indiana-pacers/yearly,PF,23,$8478542,RFA,,,,Will
Jared McCain,https://www.spotrac.com/nba/player/_/id/91760/jared-mccain,jared-mccain,Oklahoma City Thunder,https://www.spotrac.com/nba/oklahoma-city-thunder/yearly,PG,22,$4422600,$6784268,RFA,,,Kyle
Jaren Jackson Jr.,https://www.spotrac.com/nba/player/_/id/26970/jaren-jackson-jr,jaren-jackson,Utah Jazz,https://www.spotrac.com/nba/utah-jazz/yearly,PF,27,$49000000,$50500000,$52000000,$53500000,UFA,Hil
Jaron Pierre Jr.,https://www.spotrac.com/nba/player/_/id/108566/jaron-pierre-jr,jaron-pierre,New Orleans Pelicans,https://www.spotrac.com/nba/new-orleans-pelicans/yearly,F,24,Two-Way,,,,,
Jarred Vanderbilt,https://www.spotrac.com/nba/player/_/id/27007/jarred-vanderbilt,jarred-vanderbilt,Los Angeles Lakers,https://www.spotrac.com/nba/los-angeles-lakers/yearly,PF,27,$12428571,$13285714,UFA,,,
Jarrett Allen,https://www.spotrac.com/nba/player/_/id/23617/jarrett-allen,jarrett-allen,Cleveland Cavaliers,https://www.spotrac.com/nba/cleveland-cavaliers/yearly,C,28,$28000000,$30240000,$32480000,UFA,,BJ
Jase Richardson,https://www.spotrac.com/nba/player/_/id/98604/jase-richardson,jase-richardson,Orlando Magic,https://www.spotrac.com/nba/orlando-magic/yearly,SG,21,$3132360,$3282000,$5910882,RFA,,John
Javon Small,https://www.spotrac.com/nba/player/_/id/99261/javon-small,javon-small,Memphis Grizzlies,https://www.spotrac.com/nba/memphis-grizzlies/yearly,G,24,Two-Way,,,,,
Javonte Green,https://www.spotrac.com/nba/player/_/id/32409/javonte-green,javonte-green,Detroit Pistons,https://www.spotrac.com/nba/detroit-pistons/yearly,SG,33,$3943679,UFA,,,,
Jaxson Hayes,https://www.spotrac.com/nba/player/_/id/31565/jaxson-hayes,jaxson-hayes,Utah Jazz,https://www.spotrac.com/nba/utah-jazz/yearly,C,26,$6000000,$6000000,UFA,,,
Jay Huff,https://www.spotrac.com/nba/player/_/id/74262/jay-huff,jay-huff,Indiana Pacers,https://www.spotrac.com/nba/indiana-pacers/yearly,C,28,$2667944,$3005085,UFA,,,Robert
Jayden Quaintance,https://www.spotrac.com/nba/player/_/id/107936/jayden-quaintance,jayden-quaintance,San Antonio Spurs,https://www.spotrac.com/nba/san-antonio-spurs/yearly,C,19,$3902760,$4097880,$4292880,$6619621,RFA,
Jaylen Brown,https://www.spotrac.com/nba/player/_/id/20208/jaylen-brown,jaylen-brown,Philadelphia 76ers,https://www.spotrac.com/nba/philadelphia-76ers/yearly,SF,30,$57736350,$61672814,$65609278,UFA,,Andrew
Jaylen Clark,https://www.spotrac.com/nba/player/_/id/84479/jaylen-clark,jaylen-clark,Minnesota Timberwolves,https://www.spotrac.com/nba/minnesota-timberwolves/yearly,SG,25,$3086420,$3333334,$3580246,UFA,,
Jaylen Wells,https://www.spotrac.com/nba/player/_/id/93952/jaylen-wells,jaylen-wells,Memphis Grizzlies,https://www.spotrac.com/nba/memphis-grizzlies/yearly,SG,23,$2296271,$2486995,UFA,,,
Jaylin Sellers,https://www.spotrac.com/nba/player/_/id/108842/jaylin-sellers,jaylin-sellers,Chicago Bulls,https://www.spotrac.com/nba/chicago-bulls/yearly,G,23,Two-Way,,,,,
Jaylin Williams,https://www.spotrac.com/nba/player/_/id/78150/jaylin-williams,jaylin-williams,Oklahoma City Thunder,https://www.spotrac.com/nba/oklahoma-city-thunder/yearly,C,24,$7774648,$7774648,UFA,,,Will
Jaylon Tyson,https://www.spotrac.com/nba/player/_/id/91773/jaylon-tyson,jaylon-tyson,Cleveland Cavaliers,https://www.spotrac.com/nba/cleveland-cavaliers/yearly,SG,24,$3658560,$5641500,RFA,,,
Jayson Kent,https://www.spotrac.com/nba/player/_/id/106562/jayson-kent,jayson-kent,Portland Trail Blazers,https://www.spotrac.com/nba/portland-trail-blazers/yearly,SG,24,Two-Way,,,,,
Jayson Tatum,https://www.spotrac.com/nba/player/_/id/23598/jayson-tatum,jayson-tatum,Boston Celtics,https://www.spotrac.com/nba/boston-celtics/yearly,PF,28,$58456566,$62786682,$67116798,$71446914,UFA,BJ
Jerami Grant,https://www.spotrac.com/nba/player/_/id/15391/jerami-grant,jerami-grant,Memphis Grizzlies,https://www.spotrac.com/nba/memphis-grizzlies/yearly,PF,32,$34206898,$36413790,UFA,,,John
Jeremiah Fears,https://www.spotrac.com/nba/player/_/id/98603/jeremiah-fears,jeremiah-fears,New Orleans Pelicans,https://www.spotrac.com/nba/new-orleans-pelicans/yearly,PG,20,$7896240,$8271960,$10505389,RFA,,Robert
Jeremy Sochan,https://www.spotrac.com/nba/player/_/id/78122/jeremy-sochan,jeremy-sochan,Portland Trail Blazers,https://www.spotrac.com/nba/portland-trail-blazers/yearly,PF,23,$0,UFA,,,,
Jericho Sims,https://www.spotrac.com/nba/player/_/id/74166/jericho-sims,jericho-sims,Milwaukee Bucks,https://www.spotrac.com/nba/milwaukee-bucks/yearly,C,28,$2801346,UFA,,,,
Jett Howard,https://www.spotrac.com/nba/player/_/id/82211/jett-howard,jett-howard,Dallas Mavericks,https://www.spotrac.com/nba/dallas-mavericks/yearly,SG,23,Two-Way,,,,,
Jevon Carter,https://www.spotrac.com/nba/player/_/id/26998/jevon-carter,jevon-carter,Orlando Magic,https://www.spotrac.com/nba/orlando-magic/yearly,PG,31,$2449421,UFA,,,,
Jimmy Butler,https://www.spotrac.com/nba/player/_/id/8081/jimmy-butler,jimmy-butler,Golden State Warriors,https://www.spotrac.com/nba/golden-state-warriors/yearly,SF,37,$56832773,UFA,,,,
Joan Beringer,https://www.spotrac.com/nba/player/_/id/98624/joan-beringer,joan-beringer,Minnesota Timberwolves,https://www.spotrac.com/nba/minnesota-timberwolves/yearly,C,20,$4411200,$4621200,$7098163,RFA,,Stein
Jock Landale,https://www.spotrac.com/nba/player/_/id/74215/jock-landale,jock-landale,Atlanta Hawks,https://www.spotrac.com/nba/atlanta-hawks/yearly,C,31,$14100000,UFA,,,,Robert
Joel Embiid,https://www.spotrac.com/nba/player/_/id/15355/joel-embiid,joel-embiid,Philadelphia 76ers,https://www.spotrac.com/nba/philadelphia-76ers/yearly,C,32,$57985752,$62624612,$67263472,UFA,,
John Collins,https://www.spotrac.com/nba/player/_/id/23614/john-collins,john-collins,Detroit Pistons,https://www.spotrac.com/nba/detroit-pistons/yearly,PF,29,$17000000,$17000000,$17000000,UFA,,
John Konchar,https://www.spotrac.com/nba/player/_/id/32170/john-konchar,john-konchar,Utah Jazz,https://www.spotrac.com/nba/utah-jazz/yearly,SG,30,$6165000,UFA,,,,
John Poulakidas,https://www.spotrac.com/nba/player/_/id/101245/john-poulakidas,john-poulakidas,Dallas Mavericks,https://www.spotrac.com/nba/dallas-mavericks/yearly,G,23,Two-Way,,,,,
John Tonje,https://www.spotrac.com/nba/player/_/id/99266/john-tonje,john-tonje,Portland Trail Blazers,https://www.spotrac.com/nba/portland-trail-blazers/yearly,G,25,Two-Way,Two-Way,,,,
Johni Broome,https://www.spotrac.com/nba/player/_/id/98634/johni-broome,johni-broome,LA Clippers,https://www.spotrac.com/nba/la-clippers/yearly,C,24,$2150917,$2525901,$2735698,UFA,,
Johnny Furphy,https://www.spotrac.com/nba/player/_/id/91768/johnny-furphy,johnny-furphy,Indiana Pacers,https://www.spotrac.com/nba/indiana-pacers/yearly,SG,22,$2296271,$2486995,UFA,,,
Jonathan Isaac,https://www.spotrac.com/nba/player/_/id/23601/jonathan-isaac,jonathan-isaac,Orlando Magic,https://www.spotrac.com/nba/orlando-magic/yearly,PF,29,$2449421,UFA,,,,
Jonathan Mogbo,https://www.spotrac.com/nba/player/_/id/92956/jonathan-mogbo,jonathan-mogbo,Sacramento Kings,https://www.spotrac.com/nba/sacramento-kings/yearly,C,25,Two-Way,Two-Way,,,,
Jordan Clarkson,https://www.spotrac.com/nba/player/_/id/15398/jordan-clarkson,jordan-clarkson,New York Knicks,https://www.spotrac.com/nba/new-york-knicks/yearly,SG,34,$2449421,UFA,,,,
Jordan Goodwin,https://www.spotrac.com/nba/player/_/id/74333/jordan-goodwin,jordan-goodwin,Phoenix Suns,https://www.spotrac.com/nba/phoenix-suns/yearly,PG,28,$5864198,$6333333,$6802469,UFA,UFA,
Jordan Hawkins,https://www.spotrac.com/nba/player/_/id/82208/jordan-hawkins,jordan-hawkins,New Orleans Pelicans,https://www.spotrac.com/nba/new-orleans-pelicans/yearly,SG,24,$7021895,RFA,,,,Kyle
Jordan McLaughlin,https://www.spotrac.com/nba/player/_/id/27975/jordan-mclaughlin,jordan-mclaughlin,San Antonio Spurs,https://www.spotrac.com/nba/san-antonio-spurs/yearly,PG,30,$2449421,UFA,,,,
Jordan McLaughlin,https://www.spotrac.com/nba/player/_/id/27975/jordan-mclaughlin,jordan-mclaughlin,San Antonio Spurs,https://www.spotrac.com/nba/san-antonio-spurs/yearly,PG,30,$2449421,UFA,,,,
Jordan Miller,https://www.spotrac.com/nba/player/_/id/84474/jordan-miller,jordan-miller,LA Clippers,https://www.spotrac.com/nba/la-clippers/yearly,SF,27,$5300000,$5000000,$5000000,UFA,,
Jordan Poole,https://www.spotrac.com/nba/player/_/id/31587/jordan-poole,jordan-poole,New Orleans Pelicans,https://www.spotrac.com/nba/new-orleans-pelicans/yearly,SG,27,$34044642,UFA,,,,B-Har
Jordan Walsh,https://www.spotrac.com/nba/player/_/id/84467/jordan-walsh,jordan-walsh,Boston Celtics,https://www.spotrac.com/nba/boston-celtics/yearly,SF,22,$2406205,$5000000,$5250000,$5500000,UFA,
Jose Alvarado,https://www.spotrac.com/nba/player/_/id/74331/jose-alvarado,jose-alvarado,New York Knicks,https://www.spotrac.com/nba/new-york-knicks/yearly,PG,28,$4439656,$4794828,$5150000,UFA,,
Josh Dix,https://www.spotrac.com/nba/player/_/id/108841/josh-dix,josh-dix,Oklahoma City Thunder,https://www.spotrac.com/nba/oklahoma-city-thunder/yearly,SG,22,Two-Way,,,,,
Josh Giddey,https://www.spotrac.com/nba/player/_/id/74113/josh-giddey,josh-giddey,Chicago Bulls,https://www.spotrac.com/nba/chicago-bulls/yearly,SG,24,$25000000,$25000000,$25000000,UFA,,Sam
Josh Green,https://www.spotrac.com/nba/player/_/id/70660/josh-green,josh-green,Minnesota Timberwolves,https://www.spotrac.com/nba/minnesota-timberwolves/yearly,SG,26,$14679012,UFA,,,,
Josh Hart,https://www.spotrac.com/nba/player/_/id/23625/josh-hart,josh-hart,New York Knicks,https://www.spotrac.com/nba/new-york-knicks/yearly,SG,31,$20923760,$22375280,UFA,,,
Josh Minott,https://www.spotrac.com/nba/player/_/id/78156/josh-minott,josh-minott,Brooklyn Nets,https://www.spotrac.com/nba/brooklyn-nets/yearly,SF,24,$4500000,$4500000,UFA,,,
Josh Okogie,https://www.spotrac.com/nba/player/_/id/26986/josh-okogie,josh-okogie,Utah Jazz,https://www.spotrac.com/nba/utah-jazz/yearly,SG,28,$6000000,$6000000,UFA,,,
Joshua Jefferson,https://www.spotrac.com/nba/player/_/id/107951/joshua-jefferson,joshua-jefferson,Brooklyn Nets,https://www.spotrac.com/nba/brooklyn-nets/yearly,PF,23,$2969520,$3118560,$3266880,$5896718,RFA,
Jrue Holiday,https://www.spotrac.com/nba/player/_/id/6316/jrue-holiday,jrue-holiday,Portland Trail Blazers,https://www.spotrac.com/nba/portland-trail-blazers/yearly,PG,36,$34800000,$37200000,UFA,,,
Julian Champagnie,https://www.spotrac.com/nba/player/_/id/78268/julian-champagnie,julian-champagnie,San Antonio Spurs,https://www.spotrac.com/nba/san-antonio-spurs/yearly,SF,25,$15350000,$15000000,$14650000,UFA,,
Julian Phillips,https://www.spotrac.com/nba/player/_/id/84444/julian-phillips,julian-phillips,Houston Rockets,https://www.spotrac.com/nba/houston-rockets/yearly,SF,23,$0,UFA,,,,
Julian Reese,https://www.spotrac.com/nba/player/_/id/101322/julian-reese,julian-reese,Denver Nuggets,https://www.spotrac.com/nba/denver-nuggets/yearly,F,23,Two-Way,,,,,
Julian Strawther,https://www.spotrac.com/nba/player/_/id/84463/julian-strawther,julian-strawther,Denver Nuggets,https://www.spotrac.com/nba/denver-nuggets/yearly,SF,24,$4826931,RFA,,,,
Julius Randle,https://www.spotrac.com/nba/player/_/id/15359/julius-randle,julius-randle,Brooklyn Nets,https://www.spotrac.com/nba/brooklyn-nets/yearly,PF,32,$33333334,$35802468,UFA,,,Robert
Justin Champagnie,https://www.spotrac.com/nba/player/_/id/74240/justin-champagnie,justin-champagnie,Washington Wizards,https://www.spotrac.com/nba/washington-wizards/yearly,SF,25,$2667944,$3005085,UFA,,,Colin
Justin Edwards,https://www.spotrac.com/nba/player/_/id/91770/justin-edwards,justin-edwards,Philadelphia 76ers,https://www.spotrac.com/nba/philadelphia-76ers/yearly,SG,23,$2411090,$2616754,UFA,,,
Jusuf Nurkic,https://www.spotrac.com/nba/player/_/id/15368/jusuf-nurkic,jusuf-nurkic,Utah Jazz,https://www.spotrac.com/nba/utah-jazz/yearly,C,32,$11458333,$10541667,UFA,,,
Kam Jones,https://www.spotrac.com/nba/player/_/id/98618/kam-jones,kam-jones,Milwaukee Bucks,https://www.spotrac.com/nba/milwaukee-bucks/yearly,PG,24,Two-Way,,,,,
Karim Lopez,https://www.spotrac.com/nba/player/_/id/107927/karim-lopez,karim-lopez,Memphis Grizzlies,https://www.spotrac.com/nba/memphis-grizzlies/yearly,PF,19,$3746760,$3934320,$4121760,$6565964,RFA,
Karl-Anthony Towns,https://www.spotrac.com/nba/player/_/id/17829/karl-anthony-towns,karl-anthony-towns,New York Knicks,https://www.spotrac.com/nba/new-york-knicks/yearly,C,31,$57078728,$61015192,UFA,,,Efrain
Karlo Matkovic,https://www.spotrac.com/nba/player/_/id/78144/karlo-matkovic,karlo-matkovic,New Orleans Pelicans,https://www.spotrac.com/nba/new-orleans-pelicans/yearly,PF,25,$2296271,RFA,,,,John
Kasparas Jakucionis,https://www.spotrac.com/nba/player/_/id/98605/kasparas-jakucionis,kasparas-jakucionis,Milwaukee Bucks,https://www.spotrac.com/nba/milwaukee-bucks/yearly,PG,20,$3841680,$4024440,$6205687,RFA,,Brian
Kawhi Leonard,https://www.spotrac.com/nba/player/_/id/8066/kawhi-leonard,kawhi-leonard,LA Clippers,https://www.spotrac.com/nba/la-clippers/yearly,SF,35,$50300000,UFA,,,,Robert
Kawhi Leonard,https://www.spotrac.com/nba/player/_/id/8066/kawhi-leonard,kawhi-leonard,Toronto Raptors,https://www.spotrac.com/nba/toronto-raptors/yearly,SF,35,$50300000,UFA,,,,Robert
Keaton Wagler,https://www.spotrac.com/nba/player/_/id/107921/keaton-wagler,keaton-wagler,LA Clippers,https://www.spotrac.com/nba/la-clippers/yearly,PG,19,$9674760,$10158240,$10641960,$13483364,RFA,
Keegan Murray,https://www.spotrac.com/nba/player/_/id/78112/keegan-murray,keegan-murray,Sacramento Kings,https://www.spotrac.com/nba/sacramento-kings/yearly,PF,26,$24137936,$26068965,$27999999,$29931033,$31862067,
Keldon Johnson,https://www.spotrac.com/nba/player/_/id/31588/keldon-johnson,keldon-johnson,San Antonio Spurs,https://www.spotrac.com/nba/san-antonio-spurs/yearly,SF,27,$18000000,UFA,,,,Brian
Kel'el Ware,https://www.spotrac.com/nba/player/_/id/91767/kelel-ware,kelel-ware,Milwaukee Bucks,https://www.spotrac.com/nba/milwaukee-bucks/yearly,C,22,$4654920,$7135992,RFA,,,Stein
Kelly Oubre Jr.,https://www.spotrac.com/nba/player/_/id/17843/kelly-oubre-jr,kelly-oubre,Indiana Pacers,https://www.spotrac.com/nba/indiana-pacers/yearly,SF,31,$8050000,$8450000,UFA,,,
Kenrich Williams,https://www.spotrac.com/nba/player/_/id/27758/kenrich-williams,kenrich-williams,Oklahoma City Thunder,https://www.spotrac.com/nba/oklahoma-city-thunder/yearly,PF,32,$5000000,UFA,,,,
Kentavious Caldwell-Pope,https://www.spotrac.com/nba/player/_/id/13321/kentavious-caldwell-pope,kentavious-caldwell-pope,Philadelphia 76ers,https://www.spotrac.com/nba/philadelphia-76ers/yearly,SG,33,$2449421,UFA,,,,
Keon Ellis,https://www.spotrac.com/nba/player/_/id/78267/keon-ellis,keon-ellis,Brooklyn Nets,https://www.spotrac.com/nba/brooklyn-nets/yearly,SF,27,$9000000,$9000000,UFA,,,
Keshon Gilbert,https://www.spotrac.com/nba/player/_/id/101196/keshon-gilbert,keshon-gilbert,Atlanta Hawks,https://www.spotrac.com/nba/atlanta-hawks/yearly,G,23,Two-Way,,,,,
Kevin Durant,https://www.spotrac.com/nba/player/_/id/2717/kevin-durant,kevin-durant,Houston Rockets,https://www.spotrac.com/nba/houston-rockets/yearly,SF,38,$43902439,$46097561,UFA,,,Sam
Kevin Huerter,https://www.spotrac.com/nba/player/_/id/26985/kevin-huerter,kevin-huerter,Detroit Pistons,https://www.spotrac.com/nba/detroit-pistons/yearly,SG,28,$9507042,$8746479,$8746479,UFA,,
Kevin Porter Jr.,https://www.spotrac.com/nba/player/_/id/31589/kevin-porter-jr,kevin-porter,Milwaukee Bucks,https://www.spotrac.com/nba/milwaukee-bucks/yearly,PG,26,$5390700,UFA,,,,Colin
Kevon Looney,https://www.spotrac.com/nba/player/_/id/17858/kevon-looney,kevon-looney,Los Angeles Lakers,https://www.spotrac.com/nba/los-angeles-lakers/yearly,C,30,$2449421,UFA,,,,
Keyonte George,https://www.spotrac.com/nba/player/_/id/82209/keyonte-george,keyonte-george,Utah Jazz,https://www.spotrac.com/nba/utah-jazz/yearly,SG,23,$6563925,RFA,,,,Stein
Khaman Maluach,https://www.spotrac.com/nba/player/_/id/98606/khaman-maluach,khaman-maluach,Phoenix Suns,https://www.spotrac.com/nba/phoenix-suns/yearly,C,20,$6316680,$6617160,$8436880,RFA,,Zack
Khris Middleton,https://www.spotrac.com/nba/player/_/id/10864/khris-middleton,khris-middleton,Washington Wizards,https://www.spotrac.com/nba/washington-wizards/yearly,SF,35,$5591122,$5870678,$6150234,UFA,,
Kingston Flemings,https://www.spotrac.com/nba/player/_/id/107923/kingston-flemings,kingston-flemings,Atlanta Hawks,https://www.spotrac.com/nba/atlanta-hawks/yearly,PG,20,$7348680,$7716120,$8083680,$10282441,RFA,
K.J. Simpson,https://www.spotrac.com/nba/player/_/id/91788/kj-simpson,kj-simpson,Denver Nuggets,https://www.spotrac.com/nba/denver-nuggets/yearly,PG,24,Two-Way,,,,,Kyle
Klay Thompson,https://www.spotrac.com/nba/player/_/id/8062/klay-thompson,klay-thompson,Miami Heat,https://www.spotrac.com/nba/miami-heat/yearly,SG,36,$5600000,$5880000,UFA,,,
Koa Peat,https://www.spotrac.com/nba/player/_/id/107938/koa-peat,koa-peat,Phoenix Suns,https://www.spotrac.com/nba/phoenix-suns/yearly,PF,20,$2926800,$3073080,$3219840,$5811811,RFA,
Kobe Brown,https://www.spotrac.com/nba/player/_/id/84464/kobe-brown,kobe-brown,Indiana Pacers,https://www.spotrac.com/nba/indiana-pacers/yearly,PF,27,Two-Way,,,,,
Kobe Bufkin,https://www.spotrac.com/nba/player/_/id/82271/kobe-bufkin,kobe-bufkin,New Orleans Pelicans,https://www.spotrac.com/nba/new-orleans-pelicans/yearly,PG,23,$0,,,,,
Kobe Sanders,https://www.spotrac.com/nba/player/_/id/99262/kobe-sanders,kobe-sanders,LA Clippers,https://www.spotrac.com/nba/la-clippers/yearly,G,24,$2622139,$2753246,$2884353,$3019474,UFA,
Koby Brea,https://www.spotrac.com/nba/player/_/id/99256/koby-brea,koby-brea,Phoenix Suns,https://www.spotrac.com/nba/phoenix-suns/yearly,G,24,Two-Way,,,,,
Kon Knueppel,https://www.spotrac.com/nba/player/_/id/98602/kon-knueppel,kon-knueppel,Charlotte Hornets,https://www.spotrac.com/nba/charlotte-hornets/yearly,SF,21,$10516560,$11017560,$13937214,RFA,,Kyle
Kris Dunn,https://www.spotrac.com/nba/player/_/id/20210/kris-dunn,kris-dunn,LA Clippers,https://www.spotrac.com/nba/la-clippers/yearly,PG,32,$5684800,UFA,,,,
Kris Murray,https://www.spotrac.com/nba/player/_/id/82275/kris-murray,kris-murray,Memphis Grizzlies,https://www.spotrac.com/nba/memphis-grizzlies/yearly,PF,26,$5315004,RFA,,,,
Kristaps Porzingis,https://www.spotrac.com/nba/player/_/id/17832/kristaps-porzingis,kristaps-porzingis,Golden State Warriors,https://www.spotrac.com/nba/golden-state-warriors/yearly,PF,31,$20000000,$20000000,UFA,,,
Kylan Boswell,https://www.spotrac.com/nba/player/_/id/108970/kylan-boswell,kylan-boswell,Charlotte Hornets,https://www.spotrac.com/nba/charlotte-hornets/yearly,G,21,Two-Way,Two-Way,,,,
Kyle Anderson,https://www.spotrac.com/nba/player/_/id/15382/kyle-anderson,kyle-anderson,Toronto Raptors,https://www.spotrac.com/nba/toronto-raptors/yearly,PF,33,$2449421,UFA,,,,
Kyle Filipowski,https://www.spotrac.com/nba/player/_/id/91757/kyle-filipowski,kyle-filipowski,Utah Jazz,https://www.spotrac.com/nba/utah-jazz/yearly,PF,23,$3000000,$3000000,RFA,,,Brandon
Kyle Kuzma,https://www.spotrac.com/nba/player/_/id/23622/kyle-kuzma,kyle-kuzma,Milwaukee Bucks,https://www.spotrac.com/nba/milwaukee-bucks/yearly,PF,31,$20490152,UFA,,,,Colin
Kyrie Irving,https://www.spotrac.com/nba/player/_/id/8051/kyrie-irving,kyrie-irving,Dallas Mavericks,https://www.spotrac.com/nba/dallas-mavericks/yearly,PG,34,$39491282,$42416562,UFA,,,John
Kyshawn George,https://www.spotrac.com/nba/player/_/id/91765/kyshawn-george,kyshawn-george,Washington Wizards,https://www.spotrac.com/nba/washington-wizards/yearly,SG,23,$3108000,$5435892,RFA,,,Will
Labaron Philon Jr.,https://www.spotrac.com/nba/player/_/id/98628/labaron-philon-jr,labaron-philon,Philadelphia 76ers,https://www.spotrac.com/nba/philadelphia-76ers/yearly,PG,21,$3597120,$3776760,$3956760,$6508871,RFA,
LaMelo Ball,https://www.spotrac.com/nba/player/_/id/70645/lamelo-ball,lamelo-ball,Minnesota Timberwolves,https://www.spotrac.com/nba/minnesota-timberwolves/yearly,PG,25,$40770520,$43582280,$46394040,UFA,,Andrew
Landry Shamet,https://www.spotrac.com/nba/player/_/id/26992/landry-shamet,landry-shamet,New York Knicks,https://www.spotrac.com/nba/new-york-knicks/yearly,SG,29,$5490967,$5737500,$6162500,$6587500,UFA,
Larry Nance Jr.,https://www.spotrac.com/nba/player/_/id/17855/larry-nance-jr,larry-nance,Indiana Pacers,https://www.spotrac.com/nba/indiana-pacers/yearly,PF,34,$2449421,UFA,,,,
Lauri Markkanen,https://www.spotrac.com/nba/player/_/id/23602/lauri-markkanen,lauri-markkanen,Utah Jazz,https://www.spotrac.com/nba/utah-jazz/yearly,PF,29,$46113154,$49824681,$53536209,UFA,,Zack
LeBron James,https://www.spotrac.com/nba/player/_/id/2257/lebron-james,lebron-james,Philadelphia 76ers,https://www.spotrac.com/nba/philadelphia-76ers/yearly,PF,42,$3876529,$4070355,UFA,,,
Leonard Miller,https://www.spotrac.com/nba/player/_/id/82215/leonard-miller,leonard-miller,Chicago Bulls,https://www.spotrac.com/nba/chicago-bulls/yearly,SF,23,$2406205,UFA,,,,
Liam McNeeley,https://www.spotrac.com/nba/player/_/id/98608/liam-mcneeley,liam-mcneeley,Charlotte Hornets,https://www.spotrac.com/nba/charlotte-hornets/yearly,SF,21,$2902080,$3040320,$5487778,RFA,,Brian
L.J. Cryer,https://www.spotrac.com/nba/player/_/id/101250/lj-cryer,lj-cryer,Golden State Warriors,https://www.spotrac.com/nba/golden-state-warriors/yearly,PG,25,Two-Way,,,,,
Lonnie Walker IV,https://www.spotrac.com/nba/player/_/id/26984/lonnie-walker-iv,lonnie-walker,Denver Nuggets,https://www.spotrac.com/nba/denver-nuggets/yearly,SG,28,$2449421,UFA,,,,
Luguentz Dort,https://www.spotrac.com/nba/player/_/id/33033/luguentz-dort,luguentz-dort,Atlanta Hawks,https://www.spotrac.com/nba/atlanta-hawks/yearly,SG,27,$17722222,UFA,,,,BJ
Luka Doncic,https://www.spotrac.com/nba/player/_/id/26969/luka-doncic,luka-doncic,Los Angeles Lakers,https://www.spotrac.com/nba/los-angeles-lakers/yearly,PG,27,$49488300,$53447364,$57406428,UFA,,David
Luka Garza,https://www.spotrac.com/nba/player/_/id/74159/luka-garza,luka-garza,Boston Celtics,https://www.spotrac.com/nba/boston-celtics/yearly,C,28,$2801346,UFA,,,,B-Har
Luke Kennard,https://www.spotrac.com/nba/player/_/id/23607/luke-kennard,luke-kennard,Phoenix Suns,https://www.spotrac.com/nba/phoenix-suns/yearly,SG,30,$6064000,$6367200,UFA,,,
Luke Kornet,https://www.spotrac.com/nba/player/_/id/23670/luke-kornet,luke-kornet,San Antonio Spurs,https://www.spotrac.com/nba/san-antonio-spurs/yearly,C,31,$10450000,$9900000,$9350000,UFA,,
Malachi Smith,https://www.spotrac.com/nba/player/_/id/86052/malachi-smith,malachi-smith,Toronto Raptors,https://www.spotrac.com/nba/toronto-raptors/yearly,G,27,$0,,,,,
Malevy Leons,https://www.spotrac.com/nba/player/_/id/95611/malevy-leons,malevy-leons,Golden State Warriors,https://www.spotrac.com/nba/golden-state-warriors/yearly,PF,27,Two-Way,,,,,
Malik Dia,https://www.spotrac.com/nba/player/_/id/109941/malik-dia,malik-dia,New Orleans Pelicans,https://www.spotrac.com/nba/new-orleans-pelicans/yearly,F,22,Two-Way,,,,,
Malik Monk,https://www.spotrac.com/nba/player/_/id/23606/malik-monk,malik-monk,Sacramento Kings,https://www.spotrac.com/nba/sacramento-kings/yearly,SG,28,$20190035,$21582451,UFA,,,Sam
Maliq Brown,https://www.spotrac.com/nba/player/_/id/108559/maliq-brown,maliq-brown,San Antonio Spurs,https://www.spotrac.com/nba/san-antonio-spurs/yearly,PG,23,Two-Way,,,,,
Marcus Sasser,https://www.spotrac.com/nba/player/_/id/84442/marcus-sasser,marcus-sasser,Dallas Mavericks,https://www.spotrac.com/nba/dallas-mavericks/yearly,PG,26,$5198983,RFA,,,,Will
Marcus Smart,https://www.spotrac.com/nba/player/_/id/15358/marcus-smart,marcus-smart,Houston Rockets,https://www.spotrac.com/nba/houston-rockets/yearly,PG,32,$6064000,$6367200,UFA,,,
Mario Hezonja,https://www.spotrac.com/nba/player/_/id/17833/mario-hezonja,mario-hezonja,Cleveland Cavaliers,https://www.spotrac.com/nba/cleveland-cavaliers/yearly,SG,31,$2449421,UFA,,,,
Mark Williams,https://www.spotrac.com/nba/player/_/id/78121/mark-williams,mark-williams,Phoenix Suns,https://www.spotrac.com/nba/phoenix-suns/yearly,C,25,$11728395,$12666667,$13604938,UFA,,Colin
Marvin Bagley III,https://www.spotrac.com/nba/player/_/id/26968/marvin-bagley-iii,marvin-bagley,Denver Nuggets,https://www.spotrac.com/nba/denver-nuggets/yearly,PF,27,$2449421,UFA,,,,
Matas Buzelis,https://www.spotrac.com/nba/player/_/id/91738/matas-buzelis,matas-buzelis,Chicago Bulls,https://www.spotrac.com/nba/chicago-bulls/yearly,SF,22,$5715360,$7584283,RFA,,,Andrew
Matisse Thybulle,https://www.spotrac.com/nba/player/_/id/31577/matisse-thybulle,matisse-thybulle,Los Angeles Lakers,https://www.spotrac.com/nba/los-angeles-lakers/yearly,SG,29,$2449421,UFA,,,,
Max Christie,https://www.spotrac.com/nba/player/_/id/78136/max-christie,max-christie,Dallas Mavericks,https://www.spotrac.com/nba/dallas-mavericks/yearly,SG,23,$8285714,$8857143,UFA,,,
Max Strus,https://www.spotrac.com/nba/player/_/id/32411/max-strus,max-strus,LA Clippers,https://www.spotrac.com/nba/la-clippers/yearly,SG,30,$16660836,UFA,,,,Zack
Maxime Raynaud,https://www.spotrac.com/nba/player/_/id/98635/maxime-raynaud,maxime-raynaud,Sacramento Kings,https://www.spotrac.com/nba/sacramento-kings/yearly,C,23,$2150918,$2525901,RFA,,,BJ
Meleek Thomas,https://www.spotrac.com/nba/player/_/id/107945/meleek-thomas,meleek-thomas,Cleveland Cavaliers,https://www.spotrac.com/nba/cleveland-cavaliers/yearly,SG,20,$1357763,$2294370,$2694363,$2918152,UFA,
Micah Peavy,https://www.spotrac.com/nba/player/_/id/98645/micah-peavy,micah-peavy,New Orleans Pelicans,https://www.spotrac.com/nba/new-orleans-pelicans/yearly,SG,25,$2150917,$2525901,$2735698,UFA,,
Micah Potter,https://www.spotrac.com/nba/player/_/id/74418/micah-potter,micah-potter,Portland Trail Blazers,https://www.spotrac.com/nba/portland-trail-blazers/yearly,C,28,$2801346,UFA,,,,
Michael Ajayi,https://www.spotrac.com/nba/player/_/id/108969/michael-ajayi,michael-ajayi,Charlotte Hornets,https://www.spotrac.com/nba/charlotte-hornets/yearly,F,23,Two-Way,Two-Way,,,,
Michael Porter Jr.,https://www.spotrac.com/nba/player/_/id/26980/michael-porter-jr,michael-porter,Brooklyn Nets,https://www.spotrac.com/nba/brooklyn-nets/yearly,SF,28,$40806150,UFA,,,,Zack
Mikal Bridges,https://www.spotrac.com/nba/player/_/id/26976/mikal-bridges,mikal-bridges,New York Knicks,https://www.spotrac.com/nba/new-york-knicks/yearly,SF,30,$33482145,$36160714,$38839285,$41517856,UFA,David
Mike Conley,https://www.spotrac.com/nba/player/_/id/2532/mike-conley,mike-conley,Boston Celtics,https://www.spotrac.com/nba/boston-celtics/yearly,PG,39,$2449421,UFA,,,,
Mikel Brown Jr.,https://www.spotrac.com/nba/player/_/id/107925/mikel-brown-jr,mikel-brown,Brooklyn Nets,https://www.spotrac.com/nba/brooklyn-nets/yearly,PG,20,$8787000,$9226440,$9666000,$12256488,RFA,
Miles Bridges,https://www.spotrac.com/nba/player/_/id/26978/miles-bridges,miles-bridges,Phoenix Suns,https://www.spotrac.com/nba/phoenix-suns/yearly,SF,28,$22826087,UFA,,,,Andrew
Miles McBride,https://www.spotrac.com/nba/player/_/id/74143/miles-mcbride,miles-mcbride,New York Knicks,https://www.spotrac.com/nba/new-york-knicks/yearly,PG,26,$3956523,UFA,,,,
Milos Uzan,https://www.spotrac.com/nba/player/_/id/98640/milos-uzan,milos-uzan,Boston Celtics,https://www.spotrac.com/nba/boston-celtics/yearly,PG,24,$0,,,,,
Mitchell Robinson,https://www.spotrac.com/nba/player/_/id/27002/mitchell-robinson,mitchell-robinson,Boston Celtics,https://www.spotrac.com/nba/boston-celtics/yearly,C,28,$15044000,$15796200,$16548400,UFA,,
Mohamed Bamba,https://www.spotrac.com/nba/player/_/id/26972/mohamed-bamba,mohamed-bamba,Utah Jazz,https://www.spotrac.com/nba/utah-jazz/yearly,C,28,$3506659,$3700320,UFA,,,
Mohamed Diawara,https://www.spotrac.com/nba/player/_/id/99263/mohamed-diawara,mohamed-diawara,New York Knicks,https://www.spotrac.com/nba/new-york-knicks/yearly,PF,21,$2622139,$2753246,$2884353,$3019000,UFA,
Morez Johnson Jr.,https://www.spotrac.com/nba/player/_/id/107942/morez-johnson-jr,morez-johnson,Dallas Mavericks,https://www.spotrac.com/nba/dallas-mavericks/yearly,C,21,$6754800,$7093080,$7430640,$9466636,RFA,
Moritz Wagner,https://www.spotrac.com/nba/player/_/id/26991/moritz-wagner,moritz-wagner,Brooklyn Nets,https://www.spotrac.com/nba/brooklyn-nets/yearly,C,29,$9000000,$9450000,UFA,,,
Moses Moody,https://www.spotrac.com/nba/player/_/id/74121/moses-moody,moses-moody,Golden State Warriors,https://www.spotrac.com/nba/golden-state-warriors/yearly,SG,24,$12500000,$13425925,UFA,,,
Mouhamed Gueye,https://www.spotrac.com/nba/player/_/id/84468/mouhamed-gueye,mouhamed-gueye,Atlanta Hawks,https://www.spotrac.com/nba/atlanta-hawks/yearly,PF,24,$2406205,UFA,,,,
Moussa Cisse,https://www.spotrac.com/nba/player/_/id/99882/moussa-cisse,moussa-cisse,Dallas Mavericks,https://www.spotrac.com/nba/dallas-mavericks/yearly,F,24,$2185116,$2571895,RFA,,,
Moussa Diabate,https://www.spotrac.com/nba/player/_/id/78154/moussa-diabate,moussa-diabate,Charlotte Hornets,https://www.spotrac.com/nba/charlotte-hornets/yearly,PF,25,$2461462,UFA,,,,Sam
Myles Turner,https://www.spotrac.com/nba/player/_/id/17839/myles-turner,myles-turner,Milwaukee Bucks,https://www.spotrac.com/nba/milwaukee-bucks/yearly,C,30,$26584164,$27850077,$29115990,UFA,,
Myron Gardner,https://www.spotrac.com/nba/player/_/id/95569/myron-gardner,myron-gardner,Miami Heat,https://www.spotrac.com/nba/miami-heat/yearly,G,25,$2584539,$2525901,RFA,,,
Nae'qwan Tomlin,https://www.spotrac.com/nba/player/_/id/95599/naeqwan-tomlin,naeqwan-tomlin,Cleveland Cavaliers,https://www.spotrac.com/nba/cleveland-cavaliers/yearly,F,26,$2411090,RFA,,,,
Nah'Shon Hyland,https://www.spotrac.com/nba/player/_/id/74133/nahshon-hyland,nahshon-hyland,Minnesota Timberwolves,https://www.spotrac.com/nba/minnesota-timberwolves/yearly,PG,26,$2845883,UFA,,,,
Naji Marshall,https://www.spotrac.com/nba/player/_/id/70704/naji-marshall,naji-marshall,Dallas Mavericks,https://www.spotrac.com/nba/dallas-mavericks/yearly,SF,29,$9428571,$18195600,$17323584,$16680816,UFA,
Nate Ament,https://www.spotrac.com/nba/player/_/id/107924/nate-ament,nate-ament,Milwaukee Bucks,https://www.spotrac.com/nba/milwaukee-bucks/yearly,PF,20,$5502000,$5777280,$6052200,$8648594,RFA,
Nate Bittle,https://www.spotrac.com/nba/player/_/id/108976/nate-bittle,nate-bittle,Toronto Raptors,https://www.spotrac.com/nba/toronto-raptors/yearly,C,23,$0,RFA,,,,
Naz Reid,https://www.spotrac.com/nba/player/_/id/32045/naz-reid,naz-reid,Charlotte Hornets,https://www.spotrac.com/nba/charlotte-hornets/yearly,C,27,$23275862,$25000000,$26724138,$28448276,UFA,Kyle
Neemias Queta,https://www.spotrac.com/nba/player/_/id/74146/neemias-queta,neemias-queta,Boston Celtics,https://www.spotrac.com/nba/boston-celtics/yearly,C,27,$2667944,$12500000,$13500000,$14500000,$15500000,
Nick Martinelli,https://www.spotrac.com/nba/player/_/id/108563/nick-martinelli,nick-martinelli,LA Clippers,https://www.spotrac.com/nba/la-clippers/yearly,F,22,Two-Way,Two-Way,,,,
Nickeil Alexander-Walker,https://www.spotrac.com/nba/player/_/id/31574/nickeil-alexander-walker,nickeil-alexander-walker,Atlanta Hawks,https://www.spotrac.com/nba/atlanta-hawks/yearly,SG,28,$14403710,$15161800,$15919890,UFA,,
Nicolas Claxton,https://www.spotrac.com/nba/player/_/id/31590/nicolas-claxton,nicolas-claxton,Chicago Bulls,https://www.spotrac.com/nba/chicago-bulls/yearly,C,27,$23320738,$21099720,UFA,,,
Nikola Jokic,https://www.spotrac.com/nba/player/_/id/15393/nikola-jokic,nikola-jokic,Denver Nuggets,https://www.spotrac.com/nba/denver-nuggets/yearly,C,31,$59033114,$62841702,UFA,,,Brandon
Nikola Jovic,https://www.spotrac.com/nba/player/_/id/78135/nikola-jovic,nikola-jovic,Miami Heat,https://www.spotrac.com/nba/miami-heat/yearly,SF,23,$16200000,$14904000,$15096000,$16200000,UFA,
Nikola Topic,https://www.spotrac.com/nba/player/_/id/91737/nikola-topic,nikola-topic,Oklahoma City Thunder,https://www.spotrac.com/nba/oklahoma-city-thunder/yearly,PG,21,$5429760,$7482210,RFA,,,Brian
Nikola Vucevic,https://www.spotrac.com/nba/player/_/id/8067/nikola-vucevic,nikola-vucevic,Orlando Magic,https://www.spotrac.com/nba/orlando-magic/yearly,C,36,$2449421,UFA,,,,
Nique Clifford,https://www.spotrac.com/nba/player/_/id/98612/nique-clifford,nique-clifford,Sacramento Kings,https://www.spotrac.com/nba/sacramento-kings/yearly,SF,24,$3263400,$3418800,$5979481,RFA,,Brandon
Noa Essengue,https://www.spotrac.com/nba/player/_/id/98619/noa-essengue,noa-essengue,Chicago Bulls,https://www.spotrac.com/nba/chicago-bulls/yearly,PF,20,$5701200,$5972760,$8230464,RFA,,Efrain
Noah Clowney,https://www.spotrac.com/nba/player/_/id/82214/noah-clowney,noah-clowney,Brooklyn Nets,https://www.spotrac.com/nba/brooklyn-nets/yearly,PF,22,$5414034,RFA,,,,
Noah Penda,https://www.spotrac.com/nba/player/_/id/98630/noah-penda,noah-penda,Orlando Magic,https://www.spotrac.com/nba/orlando-magic/yearly,SF,22,$2150917,$2525901,$2735698,UFA,,
Nolan Traore,https://www.spotrac.com/nba/player/_/id/98615/nolan-traore,nolan-traore,Brooklyn Nets,https://www.spotrac.com/nba/brooklyn-nets/yearly,PG,20,$4002000,$4193040,$6457282,RFA,,Efrain
Norman Powell,https://www.spotrac.com/nba/player/_/id/17874/norman-powell,norman-powell,Chicago Bulls,https://www.spotrac.com/nba/chicago-bulls/yearly,SG,33,$21500000,$22575000,UFA,,,
Obi Toppin,https://www.spotrac.com/nba/player/_/id/70650/obi-toppin,obi-toppin,Indiana Pacers,https://www.spotrac.com/nba/indiana-pacers/yearly,PF,28,$15000000,$16025000,UFA,,,Andrew
OG Anunoby,https://www.spotrac.com/nba/player/_/id/23618/og-anunoby,og-anunoby,New York Knicks,https://www.spotrac.com/nba/new-york-knicks/yearly,SF,29,$42500000,$45431034,$48362068,UFA,,
Olivier-Maxence Prosper,https://www.spotrac.com/nba/player/_/id/84439/olivier-maxence-prosper,olivier-maxence-prosper,Memphis Grizzlies,https://www.spotrac.com/nba/memphis-grizzlies/yearly,PF,24,$2497812,UFA,,,,
Onyeka Okongwu,https://www.spotrac.com/nba/player/_/id/70648/onyeka-okongwu,onyeka-okongwu,Atlanta Hawks,https://www.spotrac.com/nba/atlanta-hawks/yearly,C,26,$16100000,$16880000,UFA,,,Stein
Oscar Tshiebwe,https://www.spotrac.com/nba/player/_/id/84732/oscar-tshiebwe,oscar-tshiebwe,Houston Rockets,https://www.spotrac.com/nba/houston-rockets/yearly,PF,27,$0,UFA,,,,Colin
Oso Ighodaro,https://www.spotrac.com/nba/player/_/id/93953/oso-ighodaro,oso-ighodaro,Phoenix Suns,https://www.spotrac.com/nba/phoenix-suns/yearly,C,24,$2296271,$2486995,UFA,,,John
Otega Oweh,https://www.spotrac.com/nba/player/_/id/108557/otega-oweh,otega-oweh,Oklahoma City Thunder,https://www.spotrac.com/nba/oklahoma-city-thunder/yearly,SG,23,Two-Way,,,,,
Ousmane Dieng,https://www.spotrac.com/nba/player/_/id/78118/ousmane-dieng,ousmane-dieng,Milwaukee Bucks,https://www.spotrac.com/nba/milwaukee-bucks/yearly,SF,23,$5750000,$5750000,$5750000,UFA,,BJ
Pacome Dadiet,https://www.spotrac.com/nba/player/_/id/91782/pacome-dadiet,pacome-dadiet,New York Knicks,https://www.spotrac.com/nba/new-york-knicks/yearly,SG,21,$2983680,$5373608,RFA,,,
Paolo Banchero,https://www.spotrac.com/nba/player/_/id/78110/paolo-banchero,paolo-banchero,Orlando Magic,https://www.spotrac.com/nba/orlando-magic/yearly,PF,24,$41240250,$44539470,$47838690,$51137910,$54437130,Zack
Pascal Siakam,https://www.spotrac.com/nba/player/_/id/20232/pascal-siakam,pascal-siakam,Indiana Pacers,https://www.spotrac.com/nba/indiana-pacers/yearly,PF,32,$48924624,$52298736,UFA,,,Andrew
Pat Connaughton,https://www.spotrac.com/nba/player/_/id/17869/pat-connaughton,pat-connaughton,Charlotte Hornets,https://www.spotrac.com/nba/charlotte-hornets/yearly,SG,34,$3815861,UFA,,,,
Pat Spencer,https://www.spotrac.com/nba/player/_/id/79256/pat-spencer,pat-spencer,Phoenix Suns,https://www.spotrac.com/nba/phoenix-suns/yearly,G,30,Two-Way,,,,,
Patrick Williams,https://www.spotrac.com/nba/player/_/id/70646/patrick-williams,patrick-williams,Chicago Bulls,https://www.spotrac.com/nba/chicago-bulls/yearly,PF,25,$18000000,$18000000,$18000000,UFA,,
Paul George,https://www.spotrac.com/nba/player/_/id/6892/paul-george,paul-george,Boston Celtics,https://www.spotrac.com/nba/boston-celtics/yearly,SG,36,$54126380,$56586670,UFA,,,
Paul Reed,https://www.spotrac.com/nba/player/_/id/70700/paul-reed,paul-reed,Detroit Pistons,https://www.spotrac.com/nba/detroit-pistons/yearly,C,27,$5602689,UFA,,,,
Payton Pritchard,https://www.spotrac.com/nba/player/_/id/70668/payton-pritchard,payton-pritchard,Boston Celtics,https://www.spotrac.com/nba/boston-celtics/yearly,PG,29,$7767857,$8303571,UFA,,,Robert
Pelle Larsson,https://www.spotrac.com/nba/player/_/id/91787/pelle-larsson,pelle-larsson,Miami Heat,https://www.spotrac.com/nba/miami-heat/yearly,SG,25,$2296271,RFA,,,,
Pete Nance,https://www.spotrac.com/nba/player/_/id/86006/pete-nance,pete-nance,Milwaukee Bucks,https://www.spotrac.com/nba/milwaukee-bucks/yearly,PF,26,$2537526,$2756912,UFA,,,
Peyton Watson,https://www.spotrac.com/nba/player/_/id/78138/peyton-watson,peyton-watson,Cleveland Cavaliers,https://www.spotrac.com/nba/cleveland-cavaliers/yearly,SG,24,$20465116,$21488372,$22511628,,UFA,
Peyton Watson,https://www.spotrac.com/nba/player/_/id/78138/peyton-watson,peyton-watson,Denver Nuggets,https://www.spotrac.com/nba/denver-nuggets/yearly,SG,27,,,,$23534884,UFA,
P.J. Hall,https://www.spotrac.com/nba/player/_/id/94515/pj-hall,pj-hall,Charlotte Hornets,https://www.spotrac.com/nba/charlotte-hornets/yearly,PF,24,Two-Way,,,,,
PJ Washington,https://www.spotrac.com/nba/player/_/id/31569/pj-washington,pj-washington,Dallas Mavericks,https://www.spotrac.com/nba/dallas-mavericks/yearly,PF,28,$19813044,$21398087,$22983132,$24568176,UFA,
Precious Achiuwa,https://www.spotrac.com/nba/player/_/id/70662/precious-achiuwa,precious-achiuwa,Sacramento Kings,https://www.spotrac.com/nba/sacramento-kings/yearly,PF,27,$5477000,$5750850,UFA,,,Andrew
Quadir Copeland,https://www.spotrac.com/nba/player/_/id/108972/quadir-copeland,quadir-copeland,Houston Rockets,https://www.spotrac.com/nba/houston-rockets/yearly,F,23,Two-Way,,,,,
Quentin Grimes,https://www.spotrac.com/nba/player/_/id/74132/quentin-grimes,quentin-grimes,Los Angeles Lakers,https://www.spotrac.com/nba/los-angeles-lakers/yearly,SG,26,$13953489,$14651163,$15348837,$16046511,UFA,
Quenton Jackson,https://www.spotrac.com/nba/player/_/id/79955/quenton-jackson,quenton-jackson,Indiana Pacers,https://www.spotrac.com/nba/indiana-pacers/yearly,G,28,$2584539,$2934742,UFA,,,
Quinten Post,https://www.spotrac.com/nba/player/_/id/93959/quinten-post,quinten-post,Memphis Grizzlies,https://www.spotrac.com/nba/memphis-grizzlies/yearly,C,26,$9000000,$8550000,$8550000,UFA,,Robert
Rasheer Fleming,https://www.spotrac.com/nba/player/_/id/98617/rasheer-fleming,rasheer-fleming,Phoenix Suns,https://www.spotrac.com/nba/phoenix-suns/yearly,PF,22,$2150917,$2525901,$2735698,UFA,,
Rayan Rupert,https://www.spotrac.com/nba/player/_/id/82212/rayan-rupert,rayan-rupert,Philadelphia 76ers,https://www.spotrac.com/nba/philadelphia-76ers/yearly,SG,22,Two-Way,,,,,
RayJ Dennis,https://www.spotrac.com/nba/player/_/id/95567/rayj-dennis,rayj-dennis,Atlanta Hawks,https://www.spotrac.com/nba/atlanta-hawks/yearly,PG,25,Two-Way,,,,,
Reed Sheppard,https://www.spotrac.com/nba/player/_/id/91739/reed-sheppard,reed-sheppard,Houston Rockets,https://www.spotrac.com/nba/houston-rockets/yearly,SG,22,$11108880,$14041625,RFA,,,Efrain
Riley Minix,https://www.spotrac.com/nba/player/_/id/95269/riley-minix,riley-minix,Cleveland Cavaliers,https://www.spotrac.com/nba/cleveland-cavaliers/yearly,SF,26,Two-Way,,,,,
R.J. Barrett,https://www.spotrac.com/nba/player/_/id/31560/rj-barrett,rj-barrett,Toronto Raptors,https://www.spotrac.com/nba/toronto-raptors/yearly,SG,26,$29616071,UFA,,,,John
Rob Dillingham,https://www.spotrac.com/nba/player/_/id/91736/rob-dillingham,rob-dillingham,Chicago Bulls,https://www.spotrac.com/nba/chicago-bulls/yearly,PG,22,$6889320,$8763216,RFA,,,John
Robert Williams III,https://www.spotrac.com/nba/player/_/id/26993/robert-williams-iii,robert-williams,Portland Trail Blazers,https://www.spotrac.com/nba/portland-trail-blazers/yearly,C,29,$14000000,$14500000,$15000000,UFA,,Will
Rocco Zikarsky,https://www.spotrac.com/nba/player/_/id/99259/rocco-zikarsky,rocco-zikarsky,Minnesota Timberwolves,https://www.spotrac.com/nba/minnesota-timberwolves/yearly,C,20,Two-Way,,,,,
Ron Harper Jr.,https://www.spotrac.com/nba/player/_/id/78577/ron-harper-jr,ron-harper,Boston Celtics,https://www.spotrac.com/nba/boston-celtics/yearly,SG,26,$3150752,$3308290,$3465828,$3779359,UFA,
Ron Holland II,https://www.spotrac.com/nba/player/_/id/91751/ron-holland-ii,ron-holland,Detroit Pistons,https://www.spotrac.com/nba/detroit-pistons/yearly,SF,21,$9069600,$11491183,RFA,,,David
Royce O'Neale,https://www.spotrac.com/nba/player/_/id/24240/royce-oneale,royce-oneale,Charlotte Hornets,https://www.spotrac.com/nba/charlotte-hornets/yearly,SF,33,$10875000,$11625000,UFA,,,
Rudy Gobert,https://www.spotrac.com/nba/player/_/id/13340/rudy-gobert,rudy-gobert,Minnesota Timberwolves,https://www.spotrac.com/nba/minnesota-timberwolves/yearly,C,34,$36500000,$38000000,UFA,,,
Rui Hachimura,https://www.spotrac.com/nba/player/_/id/31566/rui-hachimura,rui-hachimura,LA Clippers,https://www.spotrac.com/nba/la-clippers/yearly,PF,28,$14000000,$14000000,UFA,,,
Ryan Conwell,https://www.spotrac.com/nba/player/_/id/107964/ryan-conwell,ryan-conwell,Miami Heat,https://www.spotrac.com/nba/miami-heat/yearly,SG,22,$1357763,$2294370,$2694363,RFA,,
Ryan Dunn,https://www.spotrac.com/nba/player/_/id/91771/ryan-dunn,ryan-dunn,Phoenix Suns,https://www.spotrac.com/nba/phoenix-suns/yearly,SF,24,$2784240,$5025553,RFA,,,
Ryan Kalkbrenner,https://www.spotrac.com/nba/player/_/id/98627/ryan-kalkbrenner,ryan-kalkbrenner,Charlotte Hornets,https://www.spotrac.com/nba/charlotte-hornets/yearly,C,25,$2411090,$2525901,$2735698,UFA,,Sam
Ryan Nembhard,https://www.spotrac.com/nba/player/_/id/99651/ryan-nembhard,ryan-nembhard,Atlanta Hawks,https://www.spotrac.com/nba/atlanta-hawks/yearly,PG,23,$2150917,RFA,,,,Robert
Ryan Rollins,https://www.spotrac.com/nba/player/_/id/78155/ryan-rollins,ryan-rollins,Milwaukee Bucks,https://www.spotrac.com/nba/milwaukee-bucks/yearly,SG,24,$4000000,$4000000,UFA,,,Hil
Saddiq Bey,https://www.spotrac.com/nba/player/_/id/70661/saddiq-bey,saddiq-bey,New Orleans Pelicans,https://www.spotrac.com/nba/new-orleans-pelicans/yearly,SF,27,$6557080,UFA,,,,
Sam Hauser,https://www.spotrac.com/nba/player/_/id/74311/sam-hauser,sam-hauser,Boston Celtics,https://www.spotrac.com/nba/boston-celtics/yearly,SF,29,$10848215,$11651785,$12455356,UFA,,
Sam Merrill,https://www.spotrac.com/nba/player/_/id/70702/sam-merrill,sam-merrill,Cleveland Cavaliers,https://www.spotrac.com/nba/cleveland-cavaliers/yearly,SG,30,$9160715,$9839285,$10517856,UFA,,
Sandro Mamukelashvili,https://www.spotrac.com/nba/player/_/id/74161/sandro-mamukelashvili,sandro-mamukelashvili,Los Angeles Lakers,https://www.spotrac.com/nba/los-angeles-lakers/yearly,C,27,$13000000,$12350000,$13000000,$13650000,UFA,
Santi Aldama,https://www.spotrac.com/nba/player/_/id/74137/santi-aldama,santi-aldama,Dallas Mavericks,https://www.spotrac.com/nba/dallas-mavericks/yearly,C,26,$17007043,$17007043,UFA,,,B-Har
Scoot Henderson,https://www.spotrac.com/nba/player/_/id/82198/scoot-henderson,scoot-henderson,Portland Trail Blazers,https://www.spotrac.com/nba/portland-trail-blazers/yearly,PG,22,$13585523,RFA,,,,Andrew
Scottie Barnes,https://www.spotrac.com/nba/player/_/id/74111/scottie-barnes,scottie-barnes,Toronto Raptors,https://www.spotrac.com/nba/toronto-raptors/yearly,PF,25,$41754690,$44847630,$47940570,$51033510,UFA,BJ
Scotty Pippen Jr.,https://www.spotrac.com/nba/player/_/id/78256/scotty-pippen-jr,scotty-pippen,Memphis Grizzlies,https://www.spotrac.com/nba/memphis-grizzlies/yearly,PG,26,$2461462,$2789215,UFA,,,B-Har
Sean Pedulla,https://www.spotrac.com/nba/player/_/id/101277/sean-pedulla,sean-pedulla,Houston Rockets,https://www.spotrac.com/nba/houston-rockets/yearly,G,24,Two-Way,,,,,
Sergio de Larrea,https://www.spotrac.com/nba/player/_/id/107961/sergio-de-larrea,sergio-de-larrea,Dallas Mavericks,https://www.spotrac.com/nba/dallas-mavericks/yearly,SG,21,$3182280,$3341280,$3500880,$6305086,RFA,
Shaedon Sharpe,https://www.spotrac.com/nba/player/_/id/78113/shaedon-sharpe,shaedon-sharpe,Portland Trail Blazers,https://www.spotrac.com/nba/portland-trail-blazers/yearly,SG,23,$20089287,$21696429,$23303571,$24910713,UFA,
Shai Gilgeous-Alexander,https://www.spotrac.com/nba/player/_/id/26977/shai-gilgeous-alexander,shai-gilgeous-alexander,Oklahoma City Thunder,https://www.spotrac.com/nba/oklahoma-city-thunder/yearly,PG,28,$40806150,$60637500,$65488500,$70339500,$75190500,Stein
Sidy Cissoko,https://www.spotrac.com/nba/player/_/id/84471/sidy-cissoko,sidy-cissoko,Portland Trail Blazers,https://www.spotrac.com/nba/portland-trail-blazers/yearly,SG,22,$2497812,UFA,,,,
Simone Fontecchio,https://www.spotrac.com/nba/player/_/id/78654/simone-fontecchio,simone-fontecchio,Miami Heat,https://www.spotrac.com/nba/miami-heat/yearly,SF,31,$2449421,UFA,,,,
Sion James,https://www.spotrac.com/nba/player/_/id/98641/sion-james,sion-james,Charlotte Hornets,https://www.spotrac.com/nba/charlotte-hornets/yearly,SF,24,$2411090,$2525901,$2735698,UFA,,
Spencer Jones,https://www.spotrac.com/nba/player/_/id/95438/spencer-jones,spencer-jones,Denver Nuggets,https://www.spotrac.com/nba/denver-nuggets/yearly,SF,25,$6000000,$5750000,UFA,,,
Stephen Curry,https://www.spotrac.com/nba/player/_/id/6287/stephen-curry,stephen-curry,Golden State Warriors,https://www.spotrac.com/nba/golden-state-warriors/yearly,PG,38,$62587158,UFA,,,,Robert
Stephon Castle,https://www.spotrac.com/nba/player/_/id/91750/stephon-castle,stephon-castle,San Antonio Spurs,https://www.spotrac.com/nba/san-antonio-spurs/yearly,PG,22,$10015920,$12670139,RFA,,,Zack
Steven Adams,https://www.spotrac.com/nba/player/_/id/13325/steven-adams,steven-adams,Houston Rockets,https://www.spotrac.com/nba/houston-rockets/yearly,C,33,$13000000,$11869565,UFA,,,
Sviatoslav Mykhailiuk,https://www.spotrac.com/nba/player/_/id/27013/sviatoslav-mykhailiuk,sviatoslav-mykhailiuk,Utah Jazz,https://www.spotrac.com/nba/utah-jazz/yearly,SG,29,$3850000,$4025000,UFA,,,
Taelon Peter,https://www.spotrac.com/nba/player/_/id/99267/taelon-peter,taelon-peter,San Antonio Spurs,https://www.spotrac.com/nba/san-antonio-spurs/yearly,G,24,$0,,,,,
Taj Gibson,https://www.spotrac.com/nba/player/_/id/6278/taj-gibson,taj-gibson,Memphis Grizzlies,https://www.spotrac.com/nba/memphis-grizzlies/yearly,C,41,$3815861,UFA,,,,
Tamar Bates,https://www.spotrac.com/nba/player/_/id/99631/tamar-bates,tamar-bates,Utah Jazz,https://www.spotrac.com/nba/utah-jazz/yearly,G,23,Two-Way,Two-Way,,,,
Tari Eason,https://www.spotrac.com/nba/player/_/id/78123/tari-eason,tari-eason,Houston Rockets,https://www.spotrac.com/nba/houston-rockets/yearly,PF,25,$14053356,$15177624,$16301892,$17426160,$18550428,
Tarik Biberovic,https://www.spotrac.com/nba/player/_/id/84482/tarik-biberovic,tarik-biberovic,Dallas Mavericks,https://www.spotrac.com/nba/dallas-mavericks/yearly,PF,26,$3000000,$3000000,RFA,,,
Tarris Reed Jr.,https://www.spotrac.com/nba/player/_/id/107959/tarris-reed-jr,tarris-reed,San Antonio Spurs,https://www.spotrac.com/nba/san-antonio-spurs/yearly,C,23,$3076920,$3230520,$3384480,$6102218,RFA,
Taurean Prince,https://www.spotrac.com/nba/player/_/id/20217/taurean-prince,taurean-prince,Detroit Pistons,https://www.spotrac.com/nba/detroit-pistons/yearly,PF,32,$3815861,UFA,,,,
Taylor Hendricks,https://www.spotrac.com/nba/player/_/id/82205/taylor-hendricks,taylor-hendricks,Memphis Grizzlies,https://www.spotrac.com/nba/memphis-grizzlies/yearly,PF,23,$7805900,UFA,,,,BJ
Terance Mann,https://www.spotrac.com/nba/player/_/id/31607/terance-mann,terance-mann,Brooklyn Nets,https://www.spotrac.com/nba/brooklyn-nets/yearly,SG,30,$15500000,$16000000,UFA,,,
Terrence Shannon Jr.,https://www.spotrac.com/nba/player/_/id/91774/terrence-shannon-jr,terrence-shannon,Minnesota Timberwolves,https://www.spotrac.com/nba/minnesota-timberwolves/yearly,SG,26,$2801640,$5054159,RFA,,,
Thomas Bryant,https://www.spotrac.com/nba/player/_/id/23643/thomas-bryant,thomas-bryant,Cleveland Cavaliers,https://www.spotrac.com/nba/cleveland-cavaliers/yearly,C,29,$2449421,UFA,,,,
Thomas Sorber,https://www.spotrac.com/nba/player/_/id/98621/thomas-sorber,thomas-sorber,Oklahoma City Thunder,https://www.spotrac.com/nba/oklahoma-city-thunder/yearly,C,21,$4887720,$5120400,$7849573,RFA,,Sam
Tidjane Salaun,https://www.spotrac.com/nba/player/_/id/91756/tidjane-salaun,tidjane-salaun,Charlotte Hornets,https://www.spotrac.com/nba/charlotte-hornets/yearly,PF,21,$8237880,$10445633,RFA,,,Efrain
Tim Hardaway Jr.,https://www.spotrac.com/nba/player/_/id/13337/tim-hardaway-jr,tim-hardaway,Miami Heat,https://www.spotrac.com/nba/miami-heat/yearly,SG,34,$6065000,UFA,,,,
T.J. McConnell,https://www.spotrac.com/nba/player/_/id/18252/tj-mcconnell,tj-mcconnell,Indiana Pacers,https://www.spotrac.com/nba/indiana-pacers/yearly,PG,34,$11000000,$11800000,$11800000,UFA,,Brandon
Tobe Awaka,https://www.spotrac.com/nba/player/_/id/108438/tobe-awaka,tobe-awaka,Chicago Bulls,https://www.spotrac.com/nba/chicago-bulls/yearly,PF,23,Two-Way,,,,,
Tobi Lawal,https://www.spotrac.com/nba/player/_/id/108560/tobi-lawal,tobi-lawal,Dallas Mavericks,https://www.spotrac.com/nba/dallas-mavericks/yearly,F,23,Two-Way,,,,,
Tobias Harris,https://www.spotrac.com/nba/player/_/id/8070/tobias-harris,tobias-harris,San Antonio Spurs,https://www.spotrac.com/nba/san-antonio-spurs/yearly,PF,34,$15044000,$15796200,UFA,,,
Tolu Smith III,https://www.spotrac.com/nba/player/_/id/95591/tolu-smith-iii,tolu-smith,Detroit Pistons,https://www.spotrac.com/nba/detroit-pistons/yearly,F,26,$2411090,RFA,,,,
Toumani Camara,https://www.spotrac.com/nba/player/_/id/84478/toumani-camara,toumani-camara,Portland Trail Blazers,https://www.spotrac.com/nba/portland-trail-blazers/yearly,PF,26,$18080358,$19526786,$20973214,$22419642,UFA,
Trae Young,https://www.spotrac.com/nba/player/_/id/26971/trae-young,trae-young,Washington Wizards,https://www.spotrac.com/nba/washington-wizards/yearly,PG,28,$49488300,$50478066,$54437130,$58396194,UFA,Zack
Trayce Jackson-Davis,https://www.spotrac.com/nba/player/_/id/84443/trayce-jackson-davis,trayce-jackson-davis,Toronto Raptors,https://www.spotrac.com/nba/toronto-raptors/yearly,PF,26,$2406205,UFA,,,,Will
Tre Donaldson,https://www.spotrac.com/nba/player/_/id/108840/tre-donaldson,tre-donaldson,Miami Heat,https://www.spotrac.com/nba/miami-heat/yearly,G,23,Two-Way,,,,,
Tre Johnson,https://www.spotrac.com/nba/player/_/id/98601/tre-johnson,tre-johnson,Washington Wizards,https://www.spotrac.com/nba/washington-wizards/yearly,SG,20,$8649600,$9061680,$11490211,RFA,,Will
Tre Jones,https://www.spotrac.com/nba/player/_/id/70683/tre-jones,tre-jones,Chicago Bulls,https://www.spotrac.com/nba/chicago-bulls/yearly,PG,27,$8000000,$8000000,UFA,,,
Tre Mann,https://www.spotrac.com/nba/player/_/id/74125/tre-mann,tre-mann,Washington Wizards,https://www.spotrac.com/nba/washington-wizards/yearly,PG,25,$8000000,$8000000,UFA,,,
Trendon Watford,https://www.spotrac.com/nba/player/_/id/74232/trendon-watford,trendon-watford,New Orleans Pelicans,https://www.spotrac.com/nba/new-orleans-pelicans/yearly,PF,26,$2449421,UFA,,,,
Trevon Brazile,https://www.spotrac.com/nba/player/_/id/91785/trevon-brazile,trevon-brazile,Denver Nuggets,https://www.spotrac.com/nba/denver-nuggets/yearly,PF,24,$1357763,$2294370,$2694363,$2918152,RFA,
Trey Alexander,https://www.spotrac.com/nba/player/_/id/94483/trey-alexander,trey-alexander,Utah Jazz,https://www.spotrac.com/nba/utah-jazz/yearly,SG,23,Two-Way,,,,,
Trey Jemison,https://www.spotrac.com/nba/player/_/id/86044/trey-jemison,trey-jemison,Toronto Raptors,https://www.spotrac.com/nba/toronto-raptors/yearly,PF,27,Two-Way,,,,,
Trey Lyles,https://www.spotrac.com/nba/player/_/id/17840/trey-lyles,trey-lyles,Minnesota Timberwolves,https://www.spotrac.com/nba/minnesota-timberwolves/yearly,PF,31,$2449421,UFA,,,,
Trey Murphy III,https://www.spotrac.com/nba/player/_/id/74124/trey-murphy-iii,trey-murphy,New Orleans Pelicans,https://www.spotrac.com/nba/new-orleans-pelicans/yearly,SF,26,$27000000,$29000000,$31000000,UFA,,Stein
Tristan Da Silva,https://www.spotrac.com/nba/player/_/id/91759/tristan-da-silva,tristan-da-silva,Orlando Magic,https://www.spotrac.com/nba/orlando-magic/yearly,SF,25,$3991200,$6138466,RFA,,,David
Tristan Enaruna,https://www.spotrac.com/nba/player/_/id/94520/tristan-enaruna,tristan-enaruna,Cleveland Cavaliers,https://www.spotrac.com/nba/cleveland-cavaliers/yearly,PF,25,Two-Way,,,,,
Tristan Vukcevic,https://www.spotrac.com/nba/player/_/id/84470/tristan-vukcevic,tristan-vukcevic,Washington Wizards,https://www.spotrac.com/nba/washington-wizards/yearly,C,23,$3000000,$3000000,UFA,,,Stein
Tristen Newton,https://www.spotrac.com/nba/player/_/id/93957/tristen-newton,tristen-newton,Houston Rockets,https://www.spotrac.com/nba/houston-rockets/yearly,PG,25,Two-Way,,,,,
Tucker DeVries,https://www.spotrac.com/nba/player/_/id/109561/tucker-devries,tucker-devries,Boston Celtics,https://www.spotrac.com/nba/boston-celtics/yearly,F,24,$0,,,,,
Ty Jerome,https://www.spotrac.com/nba/player/_/id/31582/ty-jerome,ty-jerome,Memphis Grizzlies,https://www.spotrac.com/nba/memphis-grizzlies/yearly,SG,29,$9220050,$9659100,UFA,,,Brandon
Tyler Bilodeau,https://www.spotrac.com/nba/player/_/id/108558/tyler-bilodeau,tyler-bilodeau,Brooklyn Nets,https://www.spotrac.com/nba/brooklyn-nets/yearly,F,22,Two-Way,,,,,
Tyler Herro,https://www.spotrac.com/nba/player/_/id/31570/tyler-herro,tyler-herro,Milwaukee Bucks,https://www.spotrac.com/nba/milwaukee-bucks/yearly,SG,27,$33000000,UFA,,,,Sam
Tyler Kolek,https://www.spotrac.com/nba/player/_/id/91769/tyler-kolek,tyler-kolek,New York Knicks,https://www.spotrac.com/nba/new-york-knicks/yearly,PG,25,$2296271,$2486995,RFA,,,
Tyrese Haliburton,https://www.spotrac.com/nba/player/_/id/70654/tyrese-haliburton,tyrese-haliburton,Indiana Pacers,https://www.spotrac.com/nba/indiana-pacers/yearly,PG,26,$48924624,$52298736,$55672848,UFA,,BJ
Tyrese Maxey,https://www.spotrac.com/nba/player/_/id/70663/tyrese-maxey,tyrese-maxey,Philadelphia 76ers,https://www.spotrac.com/nba/philadelphia-76ers/yearly,PG,26,$40770520,$43582280,$46394040,UFA,,Stein
Tyrese Proctor,https://www.spotrac.com/nba/player/_/id/98636/tyrese-proctor,tyrese-proctor,Cleveland Cavaliers,https://www.spotrac.com/nba/cleveland-cavaliers/yearly,SG,22,$2150917,$2525901,$2735698,UFA,,
Tyus Jones,https://www.spotrac.com/nba/player/_/id/17852/tyus-jones,tyus-jones,Denver Nuggets,https://www.spotrac.com/nba/denver-nuggets/yearly,PG,30,$2449421,UFA,,,,
Ugonna Onyenso,https://www.spotrac.com/nba/player/_/id/108561/ugonna-onyenso,ugonna-onyenso,Detroit Pistons,https://www.spotrac.com/nba/detroit-pistons/yearly,C,22,Two-Way,Two-Way,,,,
Victor Wembanyama,https://www.spotrac.com/nba/player/_/id/82196/victor-wembanyama,victor-wembanyama,San Antonio Spurs,https://www.spotrac.com/nba/san-antonio-spurs/yearly,C,23,$16868246,$43500000,$46980000,$50460000,$53940000,Andrew
Vit Krejci,https://www.spotrac.com/nba/player/_/id/70679/vit-krejci,vit-krejci,Portland Trail Blazers,https://www.spotrac.com/nba/portland-trail-blazers/yearly,PG,26,$2667944,$3005085,UFA,,,Zack
VJ Edgecombe,https://www.spotrac.com/nba/player/_/id/98600/vj-edgecombe,vj-edgecombe,Philadelphia 76ers,https://www.spotrac.com/nba/philadelphia-76ers/yearly,SG,21,$11663880,$12219840,$15445878,RFA,,John
Vladislav Goldin,https://www.spotrac.com/nba/player/_/id/99644/vladislav-goldin,vladislav-goldin,Miami Heat,https://www.spotrac.com/nba/miami-heat/yearly,C,25,Two-Way,,,,,
Walker Kessler,https://www.spotrac.com/nba/player/_/id/78133/walker-kessler,walker-kessler,Los Angeles Lakers,https://www.spotrac.com/nba/los-angeles-lakers/yearly,C,25,$30108821,$31614262,$33119703,$34625144,UFA,B-Har
Walter Clayton Jr.,https://www.spotrac.com/nba/player/_/id/98613/walter-clayton-jr,walter-clayton,Memphis Grizzlies,https://www.spotrac.com/nba/memphis-grizzlies/yearly,PG,23,$4190520,$4390320,$6752312,RFA,,Stein
Wendell Carter Jr.,https://www.spotrac.com/nba/player/_/id/26973/wendell-carter-jr,wendell-carter,Orlando Magic,https://www.spotrac.com/nba/orlando-magic/yearly,C,27,$18102000,$19550160,$20998320,UFA,,
Will Richard,https://www.spotrac.com/nba/player/_/id/99269/will-richard,will-richard,Golden State Warriors,https://www.spotrac.com/nba/golden-state-warriors/yearly,G,24,$2150917,$2525901,$2735698,UFA,,
Will Riley,https://www.spotrac.com/nba/player/_/id/98622/will-riley,will-riley,Washington Wizards,https://www.spotrac.com/nba/washington-wizards/yearly,SF,20,$3688320,$3864000,$6155352,RFA,,Andrew
Yang Hansen,https://www.spotrac.com/nba/player/_/id/99184/yang-hansen,yang-hansen,Portland Trail Blazers,https://www.spotrac.com/nba/portland-trail-blazers/yearly,C,21,$4643520,$4864920,$7462788,RFA,,BJ
Yanic Konan Niederhauser,https://www.spotrac.com/nba/player/_/id/99185/yanic-konan-niederhauser,yanic-konan-niederhauser,LA Clippers,https://www.spotrac.com/nba/la-clippers/yearly,F,23,$2880960,$3018480,$5448356,RFA,,
Yaxel Lendeborg,https://www.spotrac.com/nba/player/_/id/98632/yaxel-lendeborg,yaxel-lendeborg,Golden State Warriors,https://www.spotrac.com/nba/golden-state-warriors/yearly,PF,24,$6096240,$6401280,$6706200,$8899128,RFA,
Yuki Kawamura,https://www.spotrac.com/nba/player/_/id/95565/yuki-kawamura,yuki-kawamura,Chicago Bulls,https://www.spotrac.com/nba/chicago-bulls/yearly,G,25,$0,,,,,
Yves Missi,https://www.spotrac.com/nba/player/_/id/91761/yves-missi,yves-missi,New Orleans Pelicans,https://www.spotrac.com/nba/new-orleans-pelicans/yearly,C,22,$3512760,$5595827,RFA,,,Colin
Zaccharie Risacher,https://www.spotrac.com/nba/player/_/id/91733/zaccharie-risacher,zaccharie-risacher,Dallas Mavericks,https://www.spotrac.com/nba/dallas-mavericks/yearly,SF,21,$13826040,$17434637,RFA,,,Kyle
Zach Collins,https://www.spotrac.com/nba/player/_/id/23605/zach-collins,zach-collins,Chicago Bulls,https://www.spotrac.com/nba/chicago-bulls/yearly,C,29,$8500000,$8500000,UFA,,,
Zach Edey,https://www.spotrac.com/nba/player/_/id/91755/zach-edey,zach-edey,Memphis Grizzlies,https://www.spotrac.com/nba/memphis-grizzlies/yearly,C,24,$6332760,$8067937,RFA,,,Hil
Zach LaVine,https://www.spotrac.com/nba/player/_/id/15365/zach-lavine,zach-lavine,Sacramento Kings,https://www.spotrac.com/nba/sacramento-kings/yearly,SG,31,$48967380,UFA,,,,Brian
Zeke Nnaji,https://www.spotrac.com/nba/player/_/id/70664/zeke-nnaji,zeke-nnaji,Denver Nuggets,https://www.spotrac.com/nba/denver-nuggets/yearly,PF,26,$7466667,$7466667,UFA,,,
Ziaire Williams,https://www.spotrac.com/nba/player/_/id/74117/ziaire-williams,ziaire-williams,Los Angeles Lakers,https://www.spotrac.com/nba/los-angeles-lakers/yearly,SF,25,$2449421,UFA,,,,
Zion Williamson,https://www.spotrac.com/nba/player/_/id/31558/zion-williamson,zion-williamson,New Orleans Pelicans,https://www.spotrac.com/nba/new-orleans-pelicans/yearly,PF,26,$42166510,$44886930,UFA,,,Stein
Zuby Ejiofor,https://www.spotrac.com/nba/player/_/id/107954/zuby-ejiofor,zuby-ejiofor,Atlanta Hawks,https://www.spotrac.com/nba/atlanta-hawks/yearly,C,22,$3453360,$3626160,$3798360,$6445818,RFA,
Zyon Pullin,https://www.spotrac.com/nba/player/_/id/94457/zyon-pullin,zyon-pullin,Minnesota Timberwolves,https://www.spotrac.com/nba/minnesota-timberwolves/yearly,PG,25,Two-Way,,,,,
